/* AUTO-GENERATED by tools/mkassets.py -- do not edit by hand. */
#ifndef KERNEL_LOGO_EMBLEM_H
#define KERNEL_LOGO_EMBLEM_H
#include <stdint.h>

/* The Makar disc emblem, 128x128, row-major, one 0x00RRGGBB word per
 * pixel.  0xFF000000 = transparent (outside the disc) -- the boot
 * splash skips those. */
#define LOGO_EMBLEM_W 128u
#define LOGO_EMBLEM_H 128u

static const uint32_t logo_emblem[] = {
    0xFF000000, 0xFF000000, 0xFF000000, 0xFF000000, 0xFF000000, 0xFF000000, 0xFF000000, 0xFF000000, 0xFF000000, 0xFF000000, 0xFF000000, 0xFF000000,
    0xFF000000, 0xFF000000, 0xFF000000, 0xFF000000, 0xFF000000, 0xFF000000, 0xFF000000, 0xFF000000, 0xFF000000, 0xFF000000, 0xFF000000, 0xFF000000,
    0xFF000000, 0xFF000000, 0xFF000000, 0xFF000000, 0xFF000000, 0xFF000000, 0xFF000000, 0xFF000000, 0xFF000000, 0xFF000000, 0xFF000000, 0xFF000000,
    0xFF000000, 0xFF000000, 0xFF000000, 0xFF000000, 0xFF000000, 0xFF000000, 0xFF000000, 0xFF000000, 0xFF000000, 0xFF000000, 0xFF000000, 0xFF000000,
    0xFF000000, 0xFF000000, 0xFF000000, 0xFF000000, 0xFF000000, 0xFF000000, 0xFF000000, 0xFF000000, 0xFF000000, 0xFF000000, 0xFF000000, 0xFF000000,
    0xFF000000, 0xFF000000, 0xFF000000, 0xFF000000, 0xFF000000, 0xFF000000, 0xFF000000, 0xFF000000, 0xFF000000, 0xFF000000, 0xFF000000, 0xFF000000,
    0xFF000000, 0xFF000000, 0xFF000000, 0xFF000000, 0xFF000000, 0xFF000000, 0xFF000000, 0xFF000000, 0xFF000000, 0xFF000000, 0xFF000000, 0xFF000000,
    0xFF000000, 0xFF000000, 0xFF000000, 0xFF000000, 0xFF000000, 0xFF000000, 0xFF000000, 0xFF000000, 0xFF000000, 0xFF000000, 0xFF000000, 0xFF000000,
    0xFF000000, 0xFF000000, 0xFF000000, 0xFF000000, 0xFF000000, 0xFF000000, 0xFF000000, 0xFF000000, 0xFF000000, 0xFF000000, 0xFF000000, 0xFF000000,
    0xFF000000, 0xFF000000, 0xFF000000, 0xFF000000, 0xFF000000, 0xFF000000, 0xFF000000, 0xFF000000, 0xFF000000, 0xFF000000, 0xFF000000, 0xFF000000,
    0xFF000000, 0xFF000000, 0xFF000000, 0xFF000000, 0xFF000000, 0xFF000000, 0xFF000000, 0xFF000000, 0xFF000000, 0xFF000000, 0xFF000000, 0xFF000000,
    0xFF000000, 0xFF000000, 0xFF000000, 0xFF000000, 0xFF000000, 0xFF000000, 0xFF000000, 0xFF000000, 0xFF000000, 0xFF000000, 0xFF000000, 0xFF000000,
    0xFF000000, 0xFF000000, 0xFF000000, 0xFF000000, 0xFF000000, 0xFF000000, 0xFF000000, 0xFF000000, 0xFF000000, 0xFF000000, 0xFF000000, 0xFF000000,
    0xFF000000, 0xFF000000, 0xFF000000, 0xFF000000, 0xFF000000, 0xFF000000, 0xFF000000, 0xFF000000, 0xFF000000, 0xFF000000, 0xFF000000, 0xFF000000,
    0xFF000000, 0xFF000000, 0xFF000000, 0xFF000000, 0xFF000000, 0xFF000000, 0xFF000000, 0xFF000000, 0xFF000000, 0xFF000000, 0xFF000000, 0xFF000000,
    0xFF000000, 0xFF000000, 0xFF000000, 0xFF000000, 0xFF000000, 0xFF000000, 0xFF000000, 0xFF000000, 0xFF000000, 0xFF000000, 0xFF000000, 0xFF000000,
    0xFF000000, 0xFF000000, 0xFF000000, 0xFF000000, 0xFF000000, 0xFF000000, 0xFF000000, 0xFF000000, 0xFF000000, 0xFF000000, 0xFF000000, 0xFF000000,
    0xFF000000, 0xFF000000, 0xFF000000, 0xFF000000, 0xFF000000, 0xFF000000, 0xFF000000, 0xFF000000, 0xFF000000, 0xFF000000, 0xFF000000, 0xFF000000,
    0xFF000000, 0xFF000000, 0xFF000000, 0xFF000000, 0xFF000000, 0xFF000000, 0xFF000000, 0xFF000000, 0xFF000000, 0xFF000000, 0xFF000000, 0xFF000000,
    0xFF000000, 0xFF000000, 0xFF000000, 0xFF000000, 0xFF000000, 0xFF000000, 0xFF000000, 0xFF000000, 0xFF000000, 0xFF000000, 0xFF000000, 0xFF000000,
    0xFF000000, 0xFF000000, 0xFF000000, 0xFF000000, 0xFF000000, 0xFF000000, 0xFF000000, 0xFF000000, 0xFF000000, 0xFF000000, 0xFF000000, 0xFF000000,
    0xFF000000, 0xFF000000, 0xFF000000, 0xFF000000, 0xFF000000, 0xFF000000, 0xFF000000, 0xFF000000, 0xFF000000, 0xFF000000, 0xFF000000, 0xFF000000,
    0xFF000000, 0xFF000000, 0xFF000000, 0xFF000000, 0xFF000000, 0xFF000000, 0xFF000000, 0xFF000000, 0xFF000000, 0xFF000000, 0xFF000000, 0xFF000000,
    0xFF000000, 0xFF000000, 0xFF000000, 0xFF000000, 0xFF000000, 0xFF000000, 0xFF000000, 0xFF000000, 0xFF000000, 0xFF000000, 0xFF000000, 0xFF000000,
    0xFF000000, 0xFF000000, 0xFF000000, 0xFF000000, 0xFF000000, 0xFF000000, 0xFF000000, 0xFF000000, 0xFF000000, 0xFF000000, 0xFF000000, 0xFF000000,
    0xFF000000, 0xFF000000, 0xFF000000, 0xFF000000, 0xFF000000, 0xFF000000, 0xFF000000, 0xFF000000, 0xFF000000, 0xFF000000, 0xFF000000, 0x00000000,
    0x00000000, 0x00000000, 0x00000000, 0x00000000, 0x00000000, 0x00000000, 0x00000000, 0x00000000, 0x00000000, 0x00000000, 0x00000000, 0x00000000,
    0x00000000, 0x00000000, 0x00000000, 0x00000000, 0x00000000, 0x00000000, 0xFF000000, 0xFF000000, 0xFF000000, 0xFF000000, 0xFF000000, 0xFF000000,
    0xFF000000, 0xFF000000, 0xFF000000, 0xFF000000, 0xFF000000, 0xFF000000, 0xFF000000, 0xFF000000, 0xFF000000, 0xFF000000, 0xFF000000, 0xFF000000,
    0xFF000000, 0xFF000000, 0xFF000000, 0xFF000000, 0xFF000000, 0xFF000000, 0xFF000000, 0xFF000000, 0xFF000000, 0xFF000000, 0xFF000000, 0xFF000000,
    0xFF000000, 0xFF000000, 0xFF000000, 0xFF000000, 0xFF000000, 0xFF000000, 0xFF000000, 0xFF000000, 0xFF000000, 0xFF000000, 0xFF000000, 0xFF000000,
    0xFF000000, 0xFF000000, 0xFF000000, 0xFF000000, 0xFF000000, 0xFF000000, 0xFF000000, 0xFF000000, 0xFF000000, 0xFF000000, 0xFF000000, 0xFF000000,
    0xFF000000, 0xFF000000, 0xFF000000, 0xFF000000, 0xFF000000, 0xFF000000, 0xFF000000, 0xFF000000, 0xFF000000, 0xFF000000, 0xFF000000, 0xFF000000,
    0xFF000000, 0xFF000000, 0xFF000000, 0xFF000000, 0xFF000000, 0xFF000000, 0xFF000000, 0xFF000000, 0xFF000000, 0xFF000000, 0xFF000000, 0xFF000000,
    0xFF000000, 0xFF000000, 0xFF000000, 0xFF000000, 0xFF000000, 0xFF000000, 0xFF000000, 0xFF000000, 0xFF000000, 0xFF000000, 0xFF000000, 0xFF000000,
    0xFF000000, 0xFF000000, 0xFF000000, 0xFF000000, 0xFF000000, 0xFF000000, 0xFF000000, 0xFF000000, 0xFF000000, 0xFF000000, 0xFF000000, 0xFF000000,
    0xFF000000, 0xFF000000, 0x00000000, 0x00000000, 0x00000000, 0x00000000, 0x00000000, 0x00000000, 0x00000000, 0x00000000, 0x00000000, 0x00000000,
    0x00000000, 0x00000000, 0x00000000, 0x00000000, 0x00000000, 0x00000000, 0x00000000, 0x00000000, 0x00000000, 0x00000000, 0x00000000, 0x00000000,
    0x00000000, 0x00000000, 0x00000000, 0x00000000, 0x00000000, 0x00000000, 0x00000000, 0xFF000000, 0xFF000000, 0xFF000000, 0xFF000000, 0xFF000000,
    0xFF000000, 0xFF000000, 0xFF000000, 0xFF000000, 0xFF000000, 0xFF000000, 0xFF000000, 0xFF000000, 0xFF000000, 0xFF000000, 0xFF000000, 0xFF000000,
    0xFF000000, 0xFF000000, 0xFF000000, 0xFF000000, 0xFF000000, 0xFF000000, 0xFF000000, 0xFF000000, 0xFF000000, 0xFF000000, 0xFF000000, 0xFF000000,
    0xFF000000, 0xFF000000, 0xFF000000, 0xFF000000, 0xFF000000, 0xFF000000, 0xFF000000, 0xFF000000, 0xFF000000, 0xFF000000, 0xFF000000, 0xFF000000,
    0xFF000000, 0xFF000000, 0xFF000000, 0xFF000000, 0xFF000000, 0xFF000000, 0xFF000000, 0xFF000000, 0xFF000000, 0xFF000000, 0xFF000000, 0xFF000000,
    0xFF000000, 0xFF000000, 0xFF000000, 0xFF000000, 0xFF000000, 0xFF000000, 0xFF000000, 0xFF000000, 0xFF000000, 0xFF000000, 0xFF000000, 0xFF000000,
    0xFF000000, 0xFF000000, 0xFF000000, 0xFF000000, 0xFF000000, 0xFF000000, 0xFF000000, 0xFF000000, 0xFF000000, 0xFF000000, 0xFF000000, 0xFF000000,
    0xFF000000, 0xFF000000, 0xFF000000, 0xFF000000, 0xFF000000, 0xFF000000, 0xFF000000, 0xFF000000, 0xFF000000, 0xFF000000, 0xFF000000, 0xFF000000,
    0xFF000000, 0xFF000000, 0xFF000000, 0xFF000000, 0xFF000000, 0xFF000000, 0x00000000, 0x00000000, 0x00000000, 0x00000000, 0x00000000, 0x00000000,
    0x00000000, 0x00000000, 0x00000000, 0x00000000, 0x00000000, 0x00000000, 0x00000000, 0x00000000, 0x00000000, 0x00000000, 0x00000000, 0x00000000,
    0x00000000, 0x00000000, 0x00000000, 0x00000000, 0x00000000, 0x00000000, 0x00000000, 0x00000000, 0x00000000, 0x00000000, 0x00000000, 0x00000000,
    0x00000000, 0x00000000, 0x00000000, 0x00000000, 0x00000000, 0x00000000, 0x00000000, 0xFF000000, 0xFF000000, 0xFF000000, 0xFF000000, 0xFF000000,
    0xFF000000, 0xFF000000, 0xFF000000, 0xFF000000, 0xFF000000, 0xFF000000, 0xFF000000, 0xFF000000, 0xFF000000, 0xFF000000, 0xFF000000, 0xFF000000,
    0xFF000000, 0xFF000000, 0xFF000000, 0xFF000000, 0xFF000000, 0xFF000000, 0xFF000000, 0xFF000000, 0xFF000000, 0xFF000000, 0xFF000000, 0xFF000000,
    0xFF000000, 0xFF000000, 0xFF000000, 0xFF000000, 0xFF000000, 0xFF000000, 0xFF000000, 0xFF000000, 0xFF000000, 0xFF000000, 0xFF000000, 0xFF000000,
    0xFF000000, 0xFF000000, 0xFF000000, 0xFF000000, 0xFF000000, 0xFF000000, 0xFF000000, 0xFF000000, 0xFF000000, 0xFF000000, 0xFF000000, 0xFF000000,
    0xFF000000, 0xFF000000, 0xFF000000, 0xFF000000, 0xFF000000, 0xFF000000, 0xFF000000, 0xFF000000, 0xFF000000, 0xFF000000, 0xFF000000, 0xFF000000,
    0xFF000000, 0xFF000000, 0xFF000000, 0xFF000000, 0xFF000000, 0xFF000000, 0xFF000000, 0xFF000000, 0xFF000000, 0xFF000000, 0xFF000000, 0xFF000000,
    0xFF000000, 0xFF000000, 0xFF000000, 0xFF000000, 0xFF000000, 0xFF000000, 0xFF000000, 0xFF000000, 0xFF000000, 0xFF000000, 0xFF000000, 0x00000000,
    0x00000000, 0x00000000, 0x00000000, 0x00000000, 0x00000000, 0x00000000, 0x00000000, 0x00000000, 0x00000000, 0x00000000, 0x00000000, 0x00000000,
    0x00000000, 0x00000000, 0x00090909, 0x00111111, 0x00111111, 0x00111111, 0x00111111, 0x00111111, 0x00111111, 0x00111111, 0x00111111, 0x00111111,
    0x00111111, 0x000F0F0F, 0x00080808, 0x00000000, 0x00000000, 0x00000000, 0x00000000, 0x00000000, 0x00000000, 0x00000000, 0x00000000, 0x00000000,
    0x00000000, 0x00000000, 0x00000000, 0x00000000, 0x00000000, 0x00000000, 0xFF000000, 0xFF000000, 0xFF000000, 0xFF000000, 0xFF000000, 0xFF000000,
    0xFF000000, 0xFF000000, 0xFF000000, 0xFF000000, 0xFF000000, 0xFF000000, 0xFF000000, 0xFF000000, 0xFF000000, 0xFF000000, 0xFF000000, 0xFF000000,
    0xFF000000, 0xFF000000, 0xFF000000, 0xFF000000, 0xFF000000, 0xFF000000, 0xFF000000, 0xFF000000, 0xFF000000, 0xFF000000, 0xFF000000, 0xFF000000,
    0xFF000000, 0xFF000000, 0xFF000000, 0xFF000000, 0xFF000000, 0xFF000000, 0xFF000000, 0xFF000000, 0xFF000000, 0xFF000000, 0xFF000000, 0xFF000000,
    0xFF000000, 0xFF000000, 0xFF000000, 0xFF000000, 0xFF000000, 0xFF000000, 0xFF000000, 0xFF000000, 0xFF000000, 0xFF000000, 0xFF000000, 0xFF000000,
    0xFF000000, 0xFF000000, 0xFF000000, 0xFF000000, 0xFF000000, 0xFF000000, 0xFF000000, 0xFF000000, 0xFF000000, 0xFF000000, 0xFF000000, 0xFF000000,
    0xFF000000, 0xFF000000, 0xFF000000, 0xFF000000, 0xFF000000, 0xFF000000, 0xFF000000, 0xFF000000, 0xFF000000, 0xFF000000, 0xFF000000, 0xFF000000,
    0xFF000000, 0xFF000000, 0xFF000000, 0xFF000000, 0xFF000000, 0x00000000, 0x00000000, 0x00000000, 0x00000000, 0x00000000, 0x00000000, 0x00000000,
    0x00000000, 0x00000000, 0x00000000, 0x00000000, 0x00111111, 0x00111111, 0x00111111, 0x00111111, 0x00111111, 0x00111111, 0x00111111, 0x00111111,
    0x00111111, 0x00111111, 0x00111111, 0x00111111, 0x00111111, 0x00111111, 0x00111111, 0x00111111, 0x00111111, 0x00111111, 0x00111111, 0x00111111,
    0x00111111, 0x00111111, 0x00111111, 0x00111111, 0x000E0E0E, 0x00000000, 0x00000000, 0x00000000, 0x00000000, 0x00000000, 0x00000000, 0x00000000,
    0x00000000, 0x00000000, 0x00000000, 0x00000000, 0xFF000000, 0xFF000000, 0xFF000000, 0xFF000000, 0xFF000000, 0xFF000000, 0xFF000000, 0xFF000000,
    0xFF000000, 0xFF000000, 0xFF000000, 0xFF000000, 0xFF000000, 0xFF000000, 0xFF000000, 0xFF000000, 0xFF000000, 0xFF000000, 0xFF000000, 0xFF000000,
    0xFF000000, 0xFF000000, 0xFF000000, 0xFF000000, 0xFF000000, 0xFF000000, 0xFF000000, 0xFF000000, 0xFF000000, 0xFF000000, 0xFF000000, 0xFF000000,
    0xFF000000, 0xFF000000, 0xFF000000, 0xFF000000, 0xFF000000, 0xFF000000, 0xFF000000, 0xFF000000, 0xFF000000, 0xFF000000, 0xFF000000, 0xFF000000,
    0xFF000000, 0xFF000000, 0xFF000000, 0xFF000000, 0xFF000000, 0xFF000000, 0xFF000000, 0xFF000000, 0xFF000000, 0xFF000000, 0xFF000000, 0xFF000000,
    0xFF000000, 0xFF000000, 0xFF000000, 0xFF000000, 0xFF000000, 0xFF000000, 0xFF000000, 0xFF000000, 0xFF000000, 0xFF000000, 0xFF000000, 0xFF000000,
    0xFF000000, 0xFF000000, 0xFF000000, 0xFF000000, 0xFF000000, 0xFF000000, 0xFF000000, 0xFF000000, 0xFF000000, 0xFF000000, 0x00000000, 0x00000000,
    0x00000000, 0x00000000, 0x00000000, 0x00000000, 0x00000000, 0x00000000, 0x00000000, 0x00000000, 0x00111111, 0x00111111, 0x00111111, 0x00111111,
    0x00111111, 0x00111111, 0x00111111, 0x00111111, 0x00111111, 0x00111111, 0x00111111, 0x00111111, 0x00111111, 0x00111111, 0x00111111, 0x00111111,
    0x00111111, 0x00111111, 0x00111111, 0x00111111, 0x00111111, 0x00111111, 0x00111111, 0x00111111, 0x00111111, 0x00111111, 0x00111111, 0x00111111,
    0x00111111, 0x00111111, 0x00111111, 0x00111111, 0x00101010, 0x00000000, 0x00000000, 0x00000000, 0x00000000, 0x00000000, 0x00000000, 0x00000000,
    0x00000000, 0x00000000, 0x00000000, 0xFF000000, 0xFF000000, 0xFF000000, 0xFF000000, 0xFF000000, 0xFF000000, 0xFF000000, 0xFF000000, 0xFF000000,
    0xFF000000, 0xFF000000, 0xFF000000, 0xFF000000, 0xFF000000, 0xFF000000, 0xFF000000, 0xFF000000, 0xFF000000, 0xFF000000, 0xFF000000, 0xFF000000,
    0xFF000000, 0xFF000000, 0xFF000000, 0xFF000000, 0xFF000000, 0xFF000000, 0xFF000000, 0xFF000000, 0xFF000000, 0xFF000000, 0xFF000000, 0xFF000000,
    0xFF000000, 0xFF000000, 0xFF000000, 0xFF000000, 0xFF000000, 0xFF000000, 0xFF000000, 0xFF000000, 0xFF000000, 0xFF000000, 0xFF000000, 0xFF000000,
    0xFF000000, 0xFF000000, 0xFF000000, 0xFF000000, 0xFF000000, 0xFF000000, 0xFF000000, 0xFF000000, 0xFF000000, 0xFF000000, 0xFF000000, 0xFF000000,
    0xFF000000, 0xFF000000, 0xFF000000, 0xFF000000, 0xFF000000, 0xFF000000, 0xFF000000, 0xFF000000, 0xFF000000, 0xFF000000, 0xFF000000, 0xFF000000,
    0xFF000000, 0xFF000000, 0xFF000000, 0xFF000000, 0x00000000, 0x00000000, 0x00000000, 0x00000000, 0x00000000, 0x00000000, 0x00000000, 0x00000000,
    0x00000000, 0x00111111, 0x00111111, 0x00111111, 0x00111111, 0x00111111, 0x00111111, 0x00111111, 0x00111111, 0x00111111, 0x00111111, 0x00111111,
    0x00111111, 0x00111111, 0x00111111, 0x00111111, 0x0016370B, 0x001C5C06, 0x001F7303, 0x00218001, 0x00228800, 0x00218001, 0x001E7003, 0x001A5407,
    0x0016310D, 0x00111111, 0x00111111, 0x00111111, 0x00111111, 0x00111111, 0x00111111, 0x00111111, 0x00111111, 0x00111111, 0x00111111, 0x00111111,
    0x00111111, 0x00111111, 0x00111111, 0x00111111, 0x00000000, 0x00000000, 0x00000000, 0x00000000, 0x00000000, 0x00000000, 0x00000000, 0x00000000,
    0x00000000, 0xFF000000, 0xFF000000, 0xFF000000, 0xFF000000, 0xFF000000, 0xFF000000, 0xFF000000, 0xFF000000, 0xFF000000, 0xFF000000, 0xFF000000,
    0xFF000000, 0xFF000000, 0xFF000000, 0xFF000000, 0xFF000000, 0xFF000000, 0xFF000000, 0xFF000000, 0xFF000000, 0xFF000000, 0xFF000000, 0xFF000000,
    0xFF000000, 0xFF000000, 0xFF000000, 0xFF000000, 0xFF000000, 0xFF000000, 0xFF000000, 0xFF000000, 0xFF000000, 0xFF000000, 0xFF000000, 0xFF000000,
    0xFF000000, 0xFF000000, 0xFF000000, 0xFF000000, 0xFF000000, 0xFF000000, 0xFF000000, 0xFF000000, 0xFF000000, 0xFF000000, 0xFF000000, 0xFF000000,
    0xFF000000, 0xFF000000, 0xFF000000, 0xFF000000, 0xFF000000, 0xFF000000, 0xFF000000, 0xFF000000, 0xFF000000, 0xFF000000, 0xFF000000, 0xFF000000,
    0xFF000000, 0xFF000000, 0xFF000000, 0xFF000000, 0xFF000000, 0xFF000000, 0xFF000000, 0xFF000000, 0xFF000000, 0xFF000000, 0x00000000, 0x00000000,
    0x00000000, 0x00000000, 0x00000000, 0x00000000, 0x00000000, 0x00000000, 0x00111111, 0x00111111, 0x00111111, 0x00111111, 0x00111111, 0x00111111,
    0x00111111, 0x00111111, 0x00111111, 0x00111111, 0x00111111, 0x001C6305, 0x00228800, 0x00228800, 0x00228800, 0x00228800, 0x00228800, 0x00228800,
    0x00228800, 0x00228800, 0x00228800, 0x00228800, 0x00228800, 0x00228800, 0x00228800, 0x00228800, 0x00228800, 0x00228800, 0x00228800, 0x00228800,
    0x00228800, 0x00228800, 0x00228800, 0x001A4C09, 0x00111111, 0x00111111, 0x00111111, 0x00111111, 0x00111111, 0x00111111, 0x00111111, 0x00111111,
    0x00111111, 0x00111111, 0x000B0B0B, 0x00000000, 0x00000000, 0x00000000, 0x00000000, 0x00000000, 0x00000000, 0x00000000, 0x00000000, 0xFF000000,
    0xFF000000, 0xFF000000, 0xFF000000, 0xFF000000, 0xFF000000, 0xFF000000, 0xFF000000, 0xFF000000, 0xFF000000, 0xFF000000, 0xFF000000, 0xFF000000,
    0xFF000000, 0xFF000000, 0xFF000000, 0xFF000000, 0xFF000000, 0xFF000000, 0xFF000000, 0xFF000000, 0xFF000000, 0xFF000000, 0xFF000000, 0xFF000000,
    0xFF000000, 0xFF000000, 0xFF000000, 0xFF000000, 0xFF000000, 0xFF000000, 0xFF000000, 0xFF000000, 0xFF000000, 0xFF000000, 0xFF000000, 0xFF000000,
    0xFF000000, 0xFF000000, 0xFF000000, 0xFF000000, 0xFF000000, 0xFF000000, 0xFF000000, 0xFF000000, 0xFF000000, 0xFF000000, 0xFF000000, 0xFF000000,
    0xFF000000, 0xFF000000, 0xFF000000, 0xFF000000, 0xFF000000, 0xFF000000, 0xFF000000, 0xFF000000, 0xFF000000, 0xFF000000, 0xFF000000, 0xFF000000,
    0xFF000000, 0xFF000000, 0xFF000000, 0xFF000000, 0xFF000000, 0x00000000, 0x00000000, 0x00000000, 0x00000000, 0x00000000, 0x00000000, 0x00000000,
    0x00111111, 0x00111111, 0x00111111, 0x00111111, 0x00111111, 0x00111111, 0x00111111, 0x00111111, 0x00111111, 0x00218301, 0x00228800, 0x00228800,
    0x00228800, 0x00228800, 0x00228800, 0x00228800, 0x00228800, 0x00228800, 0x00228800, 0x00228800, 0x00228800, 0x00228800, 0x00228800, 0x00228800,
    0x00228800, 0x00228800, 0x00228800, 0x00228800, 0x00228800, 0x00228800, 0x00228800, 0x00228800, 0x00228800, 0x00228800, 0x00228800, 0x00228800,
    0x00228800, 0x00228800, 0x00228800, 0x001D6405, 0x00111111, 0x00111111, 0x00111111, 0x00111111, 0x00111111, 0x00111111, 0x00111111, 0x00111111,
    0x00111111, 0x00000000, 0x00000000, 0x00000000, 0x00000000, 0x00000000, 0x00000000, 0x00000000, 0xFF000000, 0xFF000000, 0xFF000000, 0xFF000000,
    0xFF000000, 0xFF000000, 0xFF000000, 0xFF000000, 0xFF000000, 0xFF000000, 0xFF000000, 0xFF000000, 0xFF000000, 0xFF000000, 0xFF000000, 0xFF000000,
    0xFF000000, 0xFF000000, 0xFF000000, 0xFF000000, 0xFF000000, 0xFF000000, 0xFF000000, 0xFF000000, 0xFF000000, 0xFF000000, 0xFF000000, 0xFF000000,
    0xFF000000, 0xFF000000, 0xFF000000, 0xFF000000, 0xFF000000, 0xFF000000, 0xFF000000, 0xFF000000, 0xFF000000, 0xFF000000, 0xFF000000, 0xFF000000,
    0xFF000000, 0xFF000000, 0xFF000000, 0xFF000000, 0xFF000000, 0xFF000000, 0xFF000000, 0xFF000000, 0xFF000000, 0xFF000000, 0xFF000000, 0xFF000000,
    0xFF000000, 0xFF000000, 0xFF000000, 0xFF000000, 0xFF000000, 0xFF000000, 0xFF000000, 0xFF000000, 0xFF000000, 0xFF000000, 0xFF000000, 0x00000000,
    0x00000000, 0x00000000, 0x00000000, 0x00000000, 0x00000000, 0x00000000, 0x00111111, 0x00111111, 0x00111111, 0x00111111, 0x00111111, 0x00111111,
    0x00111111, 0x00111111, 0x00228800, 0x00228800, 0x00228800, 0x00228800, 0x00228800, 0x00228800, 0x00228800, 0x00228800, 0x00228800, 0x00228800,
    0x00228800, 0x00228800, 0x00228800, 0x00228800, 0x00228800, 0x00228800, 0x00228800, 0x00228800, 0x00228800, 0x00228800, 0x00228800, 0x00228800,
    0x00228800, 0x00228800, 0x00228800, 0x00228800, 0x00228800, 0x00228800, 0x00228800, 0x00228800, 0x00228800, 0x00228800, 0x00228800, 0x00228800,
    0x00228800, 0x00228800, 0x00228600, 0x00111111, 0x00111111, 0x00111111, 0x00111111, 0x00111111, 0x00111111, 0x00111111, 0x00111111, 0x00000000,
    0x00000000, 0x00000000, 0x00000000, 0x00000000, 0x00000000, 0x00000000, 0xFF000000, 0xFF000000, 0xFF000000, 0xFF000000, 0xFF000000, 0xFF000000,
    0xFF000000, 0xFF000000, 0xFF000000, 0xFF000000, 0xFF000000, 0xFF000000, 0xFF000000, 0xFF000000, 0xFF000000, 0xFF000000, 0xFF000000, 0xFF000000,
    0xFF000000, 0xFF000000, 0xFF000000, 0xFF000000, 0xFF000000, 0xFF000000, 0xFF000000, 0xFF000000, 0xFF000000, 0xFF000000, 0xFF000000, 0xFF000000,
    0xFF000000, 0xFF000000, 0xFF000000, 0xFF000000, 0xFF000000, 0xFF000000, 0xFF000000, 0xFF000000, 0xFF000000, 0xFF000000, 0xFF000000, 0xFF000000,
    0xFF000000, 0xFF000000, 0xFF000000, 0xFF000000, 0xFF000000, 0xFF000000, 0xFF000000, 0xFF000000, 0xFF000000, 0xFF000000, 0xFF000000, 0xFF000000,
    0xFF000000, 0xFF000000, 0xFF000000, 0xFF000000, 0xFF000000, 0x00000000, 0x00000000, 0x00000000, 0x00000000, 0x00000000, 0x00000000, 0x00000000,
    0x00111111, 0x00111111, 0x00111111, 0x00111111, 0x00111111, 0x00111111, 0x00111111, 0x001F7303, 0x00228800, 0x00228800, 0x00228800, 0x00228800,
    0x00228800, 0x00228800, 0x00228800, 0x00228800, 0x00228800, 0x00228800, 0x00228800, 0x00228800, 0x00228800, 0x00228800, 0x00228800, 0x00228800,
    0x00228800, 0x00228800, 0x00228800, 0x00228800, 0x00228800, 0x00228800, 0x00228800, 0x00228800, 0x00228800, 0x00228800, 0x00228800, 0x00228800,
    0x00228800, 0x00228800, 0x00228800, 0x00228800, 0x00228800, 0x00228800, 0x00228800, 0x00228800, 0x00228800, 0x00228800, 0x00228800, 0x00228800,
    0x00228800, 0x00194809, 0x00111111, 0x00111111, 0x00111111, 0x00111111, 0x00111111, 0x00111111, 0x00111111, 0x00000000, 0x00000000, 0x00000000,
    0x00000000, 0x00000000, 0x00000000, 0x00000000, 0xFF000000, 0xFF000000, 0xFF000000, 0xFF000000, 0xFF000000, 0xFF000000, 0xFF000000, 0xFF000000,
    0xFF000000, 0xFF000000, 0xFF000000, 0xFF000000, 0xFF000000, 0xFF000000, 0xFF000000, 0xFF000000, 0xFF000000, 0xFF000000, 0xFF000000, 0xFF000000,
    0xFF000000, 0xFF000000, 0xFF000000, 0xFF000000, 0xFF000000, 0xFF000000, 0xFF000000, 0xFF000000, 0xFF000000, 0xFF000000, 0xFF000000, 0xFF000000,
    0xFF000000, 0xFF000000, 0xFF000000, 0xFF000000, 0xFF000000, 0xFF000000, 0xFF000000, 0xFF000000, 0xFF000000, 0xFF000000, 0xFF000000, 0xFF000000,
    0xFF000000, 0xFF000000, 0xFF000000, 0xFF000000, 0xFF000000, 0xFF000000, 0xFF000000, 0xFF000000, 0xFF000000, 0xFF000000, 0xFF000000, 0xFF000000,
    0x00000000, 0x00000000, 0x00000000, 0x00000000, 0x00000000, 0x00000000, 0x00111111, 0x00111111, 0x00111111, 0x00111111, 0x00111111, 0x00111111,
    0x00111111, 0x00228800, 0x00228800, 0x00228800, 0x00228800, 0x00228800, 0x00228800, 0x00228800, 0x00228800, 0x00228800, 0x00228800, 0x00228800,
    0x00228800, 0x00228800, 0x00228800, 0x00228800, 0x00228800, 0x00228800, 0x00228800, 0x00228800, 0x00228800, 0x0096ED91, 0x00228800, 0x00155500,
    0x0094E691, 0x00155500, 0x00228800, 0x0096ED91, 0x00228800, 0x00228800, 0x00228800, 0x00228800, 0x00228800, 0x00228800, 0x00228800, 0x00228800,
    0x00228800, 0x00228800, 0x00228800, 0x00228800, 0x00228800, 0x00228800, 0x00228800, 0x00228800, 0x00228800, 0x00228800, 0x00228800, 0x00228700,
    0x00111111, 0x00111111, 0x00111111, 0x00111111, 0x00111111, 0x00111111, 0x000F0F0F, 0x00000000, 0x00000000, 0x00000000, 0x00000000, 0x00000000,
    0x00000000, 0xFF000000, 0xFF000000, 0xFF000000, 0xFF000000, 0xFF000000, 0xFF000000, 0xFF000000, 0xFF000000, 0xFF000000, 0xFF000000, 0xFF000000,
    0xFF000000, 0xFF000000, 0xFF000000, 0xFF000000, 0xFF000000, 0xFF000000, 0xFF000000, 0xFF000000, 0xFF000000, 0xFF000000, 0xFF000000, 0xFF000000,
    0xFF000000, 0xFF000000, 0xFF000000, 0xFF000000, 0xFF000000, 0xFF000000, 0xFF000000, 0xFF000000, 0xFF000000, 0xFF000000, 0xFF000000, 0xFF000000,
    0xFF000000, 0xFF000000, 0xFF000000, 0xFF000000, 0xFF000000, 0xFF000000, 0xFF000000, 0xFF000000, 0xFF000000, 0xFF000000, 0xFF000000, 0xFF000000,
    0xFF000000, 0xFF000000, 0xFF000000, 0xFF000000, 0xFF000000, 0xFF000000, 0xFF000000, 0x00000000, 0x00000000, 0x00000000, 0x00000000, 0x00000000,
    0x00070707, 0x00111111, 0x00111111, 0x00111111, 0x00111111, 0x00111111, 0x00111111, 0x00228800, 0x00228800, 0x00228800, 0x00228800, 0x00228800,
    0x00228800, 0x00228800, 0x00228800, 0x00228800, 0x00228800, 0x00228800, 0x00228800, 0x00228800, 0x00228800, 0x00228800, 0x00228800, 0x00228800,
    0x00228800, 0x00228800, 0x00228800, 0x00228800, 0x00228800, 0x0096ED91, 0x00228800, 0x00155500, 0x0094E691, 0x00155500, 0x00228800, 0x0096ED91,
    0x00228800, 0x00228800, 0x00228800, 0x00228800, 0x00228800, 0x00228800, 0x00228800, 0x00228800, 0x00228800, 0x00228800, 0x00228800, 0x00228800,
    0x00228800, 0x00228800, 0x00228800, 0x00228800, 0x00228800, 0x00228800, 0x00228800, 0x00228800, 0x00228800, 0x00228800, 0x00111111, 0x00111111,
    0x00111111, 0x00111111, 0x00111111, 0x00111111, 0x00000000, 0x00000000, 0x00000000, 0x00000000, 0x00000000, 0x00000000, 0xFF000000, 0xFF000000,
    0xFF000000, 0xFF000000, 0xFF000000, 0xFF000000, 0xFF000000, 0xFF000000, 0xFF000000, 0xFF000000, 0xFF000000, 0xFF000000, 0xFF000000, 0xFF000000,
    0xFF000000, 0xFF000000, 0xFF000000, 0xFF000000, 0xFF000000, 0xFF000000, 0xFF000000, 0xFF000000, 0xFF000000, 0xFF000000, 0xFF000000, 0xFF000000,
    0xFF000000, 0xFF000000, 0xFF000000, 0xFF000000, 0xFF000000, 0xFF000000, 0xFF000000, 0xFF000000, 0xFF000000, 0xFF000000, 0xFF000000, 0xFF000000,
    0xFF000000, 0xFF000000, 0xFF000000, 0xFF000000, 0xFF000000, 0xFF000000, 0xFF000000, 0xFF000000, 0xFF000000, 0xFF000000, 0xFF000000, 0xFF000000,
    0xFF000000, 0x00000000, 0x00000000, 0x00000000, 0x00000000, 0x00000000, 0x00000000, 0x00111111, 0x00111111, 0x00111111, 0x00111111, 0x00111111,
    0x00111111, 0x00228800, 0x00228800, 0x00228800, 0x00228800, 0x00228800, 0x00228800, 0x00228800, 0x00228800, 0x00228800, 0x00228800, 0x00228800,
    0x00228800, 0x00228800, 0x00228800, 0x00228800, 0x00228800, 0x00228800, 0x00228800, 0x00228800, 0x00228800, 0x00228800, 0x00228800, 0x00228800,
    0x00228800, 0x0096ED91, 0x00228800, 0x00155500, 0x0094E691, 0x00155500, 0x00228800, 0x0096ED91, 0x00228800, 0x00228800, 0x00228800, 0x00228800,
    0x00228800, 0x00228800, 0x00228800, 0x00228800, 0x00228800, 0x00228800, 0x00228800, 0x00228800, 0x00228800, 0x00228800, 0x00228800, 0x00228800,
    0x00228800, 0x00228800, 0x00228800, 0x00228800, 0x00228800, 0x00228800, 0x00228800, 0x00228401, 0x00111111, 0x00111111, 0x00111111, 0x00111111,
    0x00111111, 0x00111111, 0x00000000, 0x00000000, 0x00000000, 0x00000000, 0x00000000, 0x00000000, 0xFF000000, 0xFF000000, 0xFF000000, 0xFF000000,
    0xFF000000, 0xFF000000, 0xFF000000, 0xFF000000, 0xFF000000, 0xFF000000, 0xFF000000, 0xFF000000, 0xFF000000, 0xFF000000, 0xFF000000, 0xFF000000,
    0xFF000000, 0xFF000000, 0xFF000000, 0xFF000000, 0xFF000000, 0xFF000000, 0xFF000000, 0xFF000000, 0xFF000000, 0xFF000000, 0xFF000000, 0xFF000000,
    0xFF000000, 0xFF000000, 0xFF000000, 0xFF000000, 0xFF000000, 0xFF000000, 0xFF000000, 0xFF000000, 0xFF000000, 0xFF000000, 0xFF000000, 0xFF000000,
    0xFF000000, 0xFF000000, 0xFF000000, 0xFF000000, 0xFF000000, 0xFF000000, 0xFF000000, 0xFF000000, 0x00000000, 0x00000000, 0x00000000, 0x00000000,
    0x00000000, 0x00030303, 0x00111111, 0x00111111, 0x00111111, 0x00111111, 0x00111111, 0x001F7702, 0x00228800, 0x00228800, 0x00228800, 0x00228800,
    0x00228800, 0x00228800, 0x00228800, 0x00228800, 0x00228800, 0x00228800, 0x00228800, 0x00228800, 0x00228800, 0x00228800, 0x00228800, 0x00228800,
    0x00228800, 0x00228800, 0x00228800, 0x00228800, 0x00228800, 0x00228800, 0x00228800, 0x00269102, 0x002C9C05, 0x0098F192, 0x0032A807, 0x00155500,
    0x0094E691, 0x00155500, 0x002C9D05, 0x0097EF91, 0x00228900, 0x00228800, 0x00228800, 0x00228800, 0x00228800, 0x00228800, 0x00228800, 0x00228800,
    0x00228800, 0x00228800, 0x00228800, 0x00228800, 0x00228800, 0x00228800, 0x00228800, 0x00228800, 0x00228800, 0x00228800, 0x00228800, 0x00228800,
    0x00228800, 0x00228800, 0x00228800, 0x00228800, 0x00228800, 0x0015310C, 0x00111111, 0x00111111, 0x00111111, 0x00111111, 0x00111111, 0x00000000,
    0x00000000, 0x00000000, 0x00000000, 0x00000000, 0x00000000, 0xFF000000, 0xFF000000, 0xFF000000, 0xFF000000, 0xFF000000, 0xFF000000, 0xFF000000,
    0xFF000000, 0xFF000000, 0xFF000000, 0xFF000000, 0xFF000000, 0xFF000000, 0xFF000000, 0xFF000000, 0xFF000000, 0xFF000000, 0xFF000000, 0xFF000000,
    0xFF000000, 0xFF000000, 0xFF000000, 0xFF000000, 0xFF000000, 0xFF000000, 0xFF000000, 0xFF000000, 0xFF000000, 0xFF000000, 0xFF000000, 0xFF000000,
    0xFF000000, 0xFF000000, 0xFF000000, 0xFF000000, 0xFF000000, 0xFF000000, 0xFF000000, 0xFF000000, 0xFF000000, 0xFF000000, 0xFF000000, 0xFF000000,
    0xFF000000, 0xFF000000, 0xFF000000, 0x00000000, 0x00000000, 0x00000000, 0x00000000, 0x00000000, 0x00111111, 0x00111111, 0x00111111, 0x00111111,
    0x00111111, 0x00111111, 0x00228800, 0x00228800, 0x00228800, 0x00228800, 0x00228800, 0x00228800, 0x00228800, 0x00228800, 0x00228800, 0x00228800,
    0x00228800, 0x00228800, 0x00228800, 0x00228800, 0x00228800, 0x00228800, 0x00228800, 0x00228800, 0x002FA406, 0x0033AA08, 0x0033AA08, 0x0033AA08,
    0x0033AA08, 0x0033AA08, 0x0033AA08, 0x0033AA08, 0x0033AA08, 0x0099F292, 0x0033AA08, 0x00155500, 0x0094E691, 0x00155500, 0x0033AA08, 0x0099F292,
    0x0033AA08, 0x0033AA08, 0x0033AA08, 0x0033AA08, 0x0033AA08, 0x0033AA08, 0x0033AA08, 0x002B9B05, 0x00228800, 0x00228800, 0x00228800, 0x00228800,
    0x00228800, 0x00228800, 0x00228800, 0x00228800, 0x00228800, 0x00228800, 0x00228800, 0x00228800, 0x00228800, 0x00228800, 0x00228800, 0x00228800,
    0x00228800, 0x00228800, 0x00228800, 0x00111111, 0x00111111, 0x00111111, 0x00111111, 0x00111111, 0x000B0B0B, 0x00000000, 0x00000000, 0x00000000,
    0x00000000, 0x00000000, 0xFF000000, 0xFF000000, 0xFF000000, 0xFF000000, 0xFF000000, 0xFF000000, 0xFF000000, 0xFF000000, 0xFF000000, 0xFF000000,
    0xFF000000, 0xFF000000, 0xFF000000, 0xFF000000, 0xFF000000, 0xFF000000, 0xFF000000, 0xFF000000, 0xFF000000, 0xFF000000, 0xFF000000, 0xFF000000,
    0xFF000000, 0xFF000000, 0xFF000000, 0xFF000000, 0xFF000000, 0xFF000000, 0xFF000000, 0xFF000000, 0xFF000000, 0xFF000000, 0xFF000000, 0xFF000000,
    0xFF000000, 0xFF000000, 0xFF000000, 0xFF000000, 0xFF000000, 0xFF000000, 0xFF000000, 0xFF000000, 0xFF000000, 0xFF000000, 0x00000000, 0x00000000,
    0x00000000, 0x00000000, 0x00000000, 0x00111111, 0x00111111, 0x00111111, 0x00111111, 0x00111111, 0x00218400, 0x00228800, 0x00228800, 0x00228800,
    0x00228800, 0x00228800, 0x00228800, 0x00228800, 0x00228800, 0x00228800, 0x00228800, 0x00228800, 0x00228800, 0x00228800, 0x00228800, 0x00228800,
    0x0033AA08, 0x0033AA08, 0x0033AA08, 0x0033AA08, 0x0033AA08, 0x0033AA08, 0x0033AA08, 0x0033AA08, 0x0033AA08, 0x0033AA08, 0x0033AA08, 0x0033AA08,
    0x0033AA08, 0x0099F292, 0x0033AA08, 0x00155500, 0x0094E691, 0x00155500, 0x0033AA08, 0x0099F292, 0x0033AA08, 0x0033AA08, 0x0033AA08, 0x0033AA08,
    0x0033AA08, 0x0033AA08, 0x0033AA08, 0x0033AA08, 0x0033AA08, 0x0033AA08, 0x0033AA08, 0x0033AA08, 0x00238800, 0x00228800, 0x00228800, 0x00228800,
    0x00228800, 0x00228800, 0x00228800, 0x00228800, 0x00228800, 0x00228800, 0x00228800, 0x00228800, 0x00228800, 0x00228800, 0x00228800, 0x00228800,
    0x00194809, 0x00111111, 0x00111111, 0x00111111, 0x00111111, 0x00111111, 0x00000000, 0x00000000, 0x00000000, 0x00000000, 0x00000000, 0xFF000000,
    0xFF000000, 0xFF000000, 0xFF000000, 0xFF000000, 0xFF000000, 0xFF000000, 0xFF000000, 0xFF000000, 0xFF000000, 0xFF000000, 0xFF000000, 0xFF000000,
    0xFF000000, 0xFF000000, 0xFF000000, 0xFF000000, 0xFF000000, 0xFF000000, 0xFF000000, 0xFF000000, 0xFF000000, 0xFF000000, 0xFF000000, 0xFF000000,
    0xFF000000, 0xFF000000, 0xFF000000, 0xFF000000, 0xFF000000, 0xFF000000, 0xFF000000, 0xFF000000, 0xFF000000, 0xFF000000, 0xFF000000, 0xFF000000,
    0xFF000000, 0xFF000000, 0xFF000000, 0xFF000000, 0xFF000000, 0x00000000, 0x00000000, 0x00000000, 0x00000000, 0x00000000, 0x00111111, 0x00111111,
    0x00111111, 0x00111111, 0x00111111, 0x00228800, 0x00228800, 0x00228800, 0x00228800, 0x00228800, 0x00228800, 0x00228800, 0x00228800, 0x00228800,
    0x00228800, 0x00228800, 0x00228800, 0x00228800, 0x00238800, 0x0033AA08, 0x0033AA08, 0x0033AA08, 0x0033AA08, 0x0033AA08, 0x0033AA08, 0x0033AA08,
    0x0033AA08, 0x0033AA08, 0x0033AA08, 0x0033AA08, 0x0033AA08, 0x0033AA08, 0x0033AA08, 0x0033AA08, 0x0033AA08, 0x0099F292, 0x0033AA08, 0x00155500,
    0x0094E691, 0x00155500, 0x0033AA08, 0x0099F292, 0x0033AA08, 0x0033AA08, 0x0033AA08, 0x0033AA08, 0x0033AA08, 0x0033AA08, 0x0033AA08, 0x0033AA08,
    0x0033AA08, 0x0033AA08, 0x0033AA08, 0x0033AA08, 0x0033AA08, 0x0033AA08, 0x0033AA08, 0x002D9F05, 0x00228800, 0x00228800, 0x00228800, 0x00228800,
    0x00228800, 0x00228800, 0x00228800, 0x00228800, 0x00228800, 0x00228800, 0x00228800, 0x00228800, 0x00228800, 0x00228800, 0x00111111, 0x00111111,
    0x00111111, 0x00111111, 0x00111111, 0x00000000, 0x00000000, 0x00000000, 0x00000000, 0x00000000, 0xFF000000, 0xFF000000, 0xFF000000, 0xFF000000,
    0xFF000000, 0xFF000000, 0xFF000000, 0xFF000000, 0xFF000000, 0xFF000000, 0xFF000000, 0xFF000000, 0xFF000000, 0xFF000000, 0xFF000000, 0xFF000000,
    0xFF000000, 0xFF000000, 0xFF000000, 0xFF000000, 0xFF000000, 0xFF000000, 0xFF000000, 0xFF000000, 0xFF000000, 0xFF000000, 0xFF000000, 0xFF000000,
    0xFF000000, 0xFF000000, 0xFF000000, 0xFF000000, 0xFF000000, 0xFF000000, 0xFF000000, 0xFF000000, 0xFF000000, 0xFF000000, 0xFF000000, 0xFF000000,
    0x00000000, 0x00000000, 0x00000000, 0x00000000, 0x00000000, 0x00111111, 0x00111111, 0x00111111, 0x00111111, 0x00121B0F, 0x00228800, 0x00228800,
    0x00228800, 0x00228800, 0x00228800, 0x00228800, 0x00228800, 0x00228800, 0x00228800, 0x00228800, 0x00228800, 0x00228800, 0x0032A908, 0x0033AA08,
    0x0033AA08, 0x0033AA08, 0x0033AA08, 0x0033AA08, 0x0033AA08, 0x0033AA08, 0x0033AA08, 0x0033AA08, 0x0033AA08, 0x0033AA08, 0x0033AA08, 0x0033AA08,
    0x0033AA08, 0x0033AA08, 0x0033AA08, 0x0033AA08, 0x0033AA08, 0x0099F292, 0x0033AA08, 0x00155500, 0x0094E691, 0x00155500, 0x0033AA08, 0x0099F292,
    0x0033AA08, 0x0033AA08, 0x0033AA08, 0x002EA006, 0x00289303, 0x00228800, 0x00228800, 0x00228800, 0x00228800, 0x00228800, 0x00228800, 0x00228800,
    0x00228800, 0x00228800, 0x00289403, 0x002EA106, 0x0033AA08, 0x0033AA08, 0x002C9C05, 0x00228800, 0x00228800, 0x00228800, 0x00228800, 0x00228800,
    0x00228800, 0x00228800, 0x00228800, 0x00228800, 0x00228800, 0x00228800, 0x00228800, 0x00111111, 0x00111111, 0x00111111, 0x00111111, 0x00111111,
    0x00000000, 0x00000000, 0x00000000, 0x00000000, 0x00000000, 0xFF000000, 0xFF000000, 0xFF000000, 0xFF000000, 0xFF000000, 0xFF000000, 0xFF000000,
    0xFF000000, 0xFF000000, 0xFF000000, 0xFF000000, 0xFF000000, 0xFF000000, 0xFF000000, 0xFF000000, 0xFF000000, 0xFF000000, 0xFF000000, 0xFF000000,
    0xFF000000, 0xFF000000, 0xFF000000, 0xFF000000, 0xFF000000, 0xFF000000, 0xFF000000, 0xFF000000, 0xFF000000, 0xFF000000, 0xFF000000, 0xFF000000,
    0xFF000000, 0xFF000000, 0xFF000000, 0xFF000000, 0xFF000000, 0xFF000000, 0xFF000000, 0x00000000, 0x00000000, 0x00000000, 0x00000000, 0x00020202,
    0x00111111, 0x00111111, 0x00111111, 0x00111111, 0x001F7503, 0x00228800, 0x00228800, 0x00228800, 0x00228800, 0x00228800, 0x00228800, 0x00228800,
    0x00228800, 0x00228800, 0x00228800, 0x00228800, 0x0033AA08, 0x0033AA08, 0x0033AA08, 0x0033AA08, 0x0033AA08, 0x0033AA08, 0x0033AA08, 0x0033AA08,
    0x0033AA08, 0x0033AA08, 0x0033AA08, 0x0033AA08, 0x0033AA08, 0x0033AA08, 0x0033AA08, 0x0033AA08, 0x0033AA08, 0x0033AA08, 0x0033AA08, 0x0033AA08,
    0x0033AA08, 0x0099F292, 0x0033AA08, 0x00155500, 0x0094E691, 0x00155500, 0x00228800, 0x0096ED91, 0x00228800, 0x00228800, 0x00228800, 0x00228800,
    0x00228800, 0x00228800, 0x00228800, 0x00228800, 0x00228800, 0x00228800, 0x00228800, 0x00228800, 0x00228800, 0x00228800, 0x00228800, 0x00228800,
    0x00228800, 0x00228800, 0x00228800, 0x00228800, 0x00228800, 0x00228800, 0x00228800, 0x00228800, 0x00228800, 0x00228800, 0x00228800, 0x00228800,
    0x00228800, 0x00228800, 0x00228800, 0x00228800, 0x0013200F, 0x00111111, 0x00111111, 0x00111111, 0x00111111, 0x00000000, 0x00000000, 0x00000000,
    0x00000000, 0x00000000, 0xFF000000, 0xFF000000, 0xFF000000, 0xFF000000, 0xFF000000, 0xFF000000, 0xFF000000, 0xFF000000, 0xFF000000, 0xFF000000,
    0xFF000000, 0xFF000000, 0xFF000000, 0xFF000000, 0xFF000000, 0xFF000000, 0xFF000000, 0xFF000000, 0xFF000000, 0xFF000000, 0xFF000000, 0xFF000000,
    0xFF000000, 0xFF000000, 0xFF000000, 0xFF000000, 0xFF000000, 0xFF000000, 0xFF000000, 0xFF000000, 0xFF000000, 0xFF000000, 0xFF000000, 0xFF000000,
    0xFF000000, 0xFF000000, 0x00000000, 0x00000000, 0x00000000, 0x00000000, 0x00030303, 0x00111111, 0x00111111, 0x00111111, 0x00111111, 0x00228800,
    0x00228800, 0x00228800, 0x00228800, 0x00228800, 0x00228800, 0x00228800, 0x00228800, 0x00228800, 0x00228800, 0x00228800, 0x0033AA08, 0x0033AA08,
    0x0033AA08, 0x0033AA08, 0x0033AA08, 0x0033AA08, 0x0033AA08, 0x0033AA08, 0x0033AA08, 0x0033AA08, 0x0033AA08, 0x0033AA08, 0x0033AA08, 0x0033AA08,
    0x0033AA08, 0x0033AA08, 0x0033AA08, 0x0033AA08, 0x0033AA08, 0x0033AA08, 0x0033AA08, 0x002E9F05, 0x00228800, 0x0096ED91, 0x00228800, 0x00155500,
    0x0094E691, 0x00155500, 0x00228800, 0x0096ED91, 0x00228800, 0x00228800, 0x00228800, 0x00228800, 0x00228800, 0x00228800, 0x00228800, 0x00228800,
    0x00228800, 0x00228800, 0x00228800, 0x00228800, 0x00228800, 0x00228800, 0x00228800, 0x00228800, 0x00228800, 0x00228800, 0x00228800, 0x00228800,
    0x00228800, 0x00228800, 0x00228800, 0x00228800, 0x00228800, 0x00228800, 0x00228800, 0x00228800, 0x00228800, 0x00228800, 0x00228800, 0x00228800,
    0x00228800, 0x001D6405, 0x00111111, 0x00111111, 0x00111111, 0x00111111, 0x00000000, 0x00000000, 0x00000000, 0x00000000, 0x00000000, 0xFF000000,
    0xFF000000, 0xFF000000, 0xFF000000, 0xFF000000, 0xFF000000, 0xFF000000, 0xFF000000, 0xFF000000, 0xFF000000, 0xFF000000, 0xFF000000, 0xFF000000,
    0xFF000000, 0xFF000000, 0xFF000000, 0xFF000000, 0xFF000000, 0xFF000000, 0xFF000000, 0xFF000000, 0xFF000000, 0xFF000000, 0xFF000000, 0xFF000000,
    0xFF000000, 0xFF000000, 0xFF000000, 0xFF000000, 0xFF000000, 0xFF000000, 0xFF000000, 0xFF000000, 0xFF000000, 0x00000000, 0x00000000, 0x00000000,
    0x00000000, 0x00020202, 0x00111111, 0x00111111, 0x00111111, 0x00111111, 0x00228800, 0x00228800, 0x00228800, 0x00228800, 0x00228800, 0x00228800,
    0x00228800, 0x00228800, 0x00228800, 0x00228800, 0x002FA206, 0x0033AA08, 0x0033AA08, 0x0033AA08, 0x0033AA08, 0x0033AA08, 0x0033AA08, 0x0033AA08,
    0x0033AA08, 0x0033AA08, 0x0033AA08, 0x0033AA08, 0x0033AA08, 0x0033AA08, 0x0033AA08, 0x0033AA08, 0x0033AA08, 0x0033AA08, 0x0033AA08, 0x0033AA08,
    0x00228800, 0x00228800, 0x00228800, 0x00228800, 0x00228800, 0x0096ED91, 0x00228800, 0x00155500, 0x0094E691, 0x00155500, 0x00228800, 0x0096ED91,
    0x00228800, 0x00228800, 0x00228800, 0x00228800, 0x00228800, 0x00228800, 0x00228800, 0x00228800, 0x00228800, 0x00228800, 0x00228800, 0x00228800,
    0x00228800, 0x00228800, 0x00228800, 0x00228800, 0x00228800, 0x00228800, 0x00228800, 0x00228800, 0x00228800, 0x00228800, 0x00228800, 0x00228800,
    0x00228800, 0x00228800, 0x00228800, 0x00228800, 0x00228800, 0x00228800, 0x00228800, 0x00228800, 0x00228800, 0x00228800, 0x00228301, 0x00111111,
    0x00111111, 0x00111111, 0x00111111, 0x00000000, 0x00000000, 0x00000000, 0x00000000, 0x00000000, 0xFF000000, 0xFF000000, 0xFF000000, 0xFF000000,
    0xFF000000, 0xFF000000, 0xFF000000, 0xFF000000, 0xFF000000, 0xFF000000, 0xFF000000, 0xFF000000, 0xFF000000, 0xFF000000, 0xFF000000, 0xFF000000,
    0xFF000000, 0xFF000000, 0xFF000000, 0xFF000000, 0xFF000000, 0xFF000000, 0xFF000000, 0xFF000000, 0xFF000000, 0xFF000000, 0xFF000000, 0xFF000000,
    0xFF000000, 0xFF000000, 0xFF000000, 0xFF000000, 0x00000000, 0x00000000, 0x00000000, 0x00000000, 0x00000000, 0x00111111, 0x00111111, 0x00111111,
    0x00111111, 0x00228800, 0x00228800, 0x00228800, 0x00228800, 0x00228800, 0x00228800, 0x00228800, 0x00228800, 0x00228800, 0x00228800, 0x0033AA08,
    0x0033AA08, 0x0033AA08, 0x0033AA08, 0x0033AA08, 0x0033AA08, 0x0033AA08, 0x0033AA08, 0x0033AA08, 0x0033AA08, 0x0033AA08, 0x0033AA08, 0x0033AA08,
    0x0033AA08, 0x0033AA08, 0x0033AA08, 0x0033AA08, 0x0033AA08, 0x00228800, 0x00228800, 0x00228800, 0x00228800, 0x00228800, 0x00228800, 0x00228800,
    0x00228800, 0x0096ED91, 0x00228800, 0x00155500, 0x0094E691, 0x00155500, 0x00228800, 0x0096ED91, 0x00228800, 0x00228800, 0x00228800, 0x00228800,
    0x00228800, 0x00228800, 0x00228800, 0x00228800, 0x00228800, 0x00228800, 0x00228800, 0x00228800, 0x00228800, 0x00228800, 0x00228800, 0x00228800,
    0x00228800, 0x00228800, 0x00228800, 0x00228800, 0x00228800, 0x00228800, 0x00228800, 0x00228800, 0x00228800, 0x00228800, 0x00228800, 0x00228800,
    0x00228800, 0x00228800, 0x00228800, 0x00228800, 0x00228800, 0x00228800, 0x00228800, 0x00228800, 0x00111111, 0x00111111, 0x00111111, 0x00111111,
    0x00000000, 0x00000000, 0x00000000, 0x00000000, 0x00000000, 0xFF000000, 0xFF000000, 0xFF000000, 0xFF000000, 0xFF000000, 0xFF000000, 0xFF000000,
    0xFF000000, 0xFF000000, 0xFF000000, 0xFF000000, 0xFF000000, 0xFF000000, 0xFF000000, 0xFF000000, 0xFF000000, 0xFF000000, 0xFF000000, 0xFF000000,
    0xFF000000, 0xFF000000, 0xFF000000, 0xFF000000, 0xFF000000, 0xFF000000, 0xFF000000, 0xFF000000, 0xFF000000, 0xFF000000, 0xFF000000, 0x00000000,
    0x00000000, 0x00000000, 0x00000000, 0x00000000, 0x00111111, 0x00111111, 0x00111111, 0x00111111, 0x00228800, 0x00228800, 0x00228800, 0x00228800,
    0x00228800, 0x00228800, 0x00228800, 0x00228800, 0x00228800, 0x002B9B05, 0x0033AA08, 0x0033AA08, 0x0033AA08, 0x0033AA08, 0x0033AA08, 0x0033AA08,
    0x0033AA08, 0x0033AA08, 0x0033AA08, 0x0033AA08, 0x0033AA08, 0x0033AA08, 0x0033AA08, 0x0033AA08, 0x0033AA08, 0x0033AA08, 0x00299503, 0x00228800,
    0x00228800, 0x00228800, 0x00228800, 0x00228800, 0x00228800, 0x00228800, 0x00228800, 0x00228800, 0x00228800, 0x0096ED91, 0x00228800, 0x00155500,
    0x0094E691, 0x00155500, 0x00228800, 0x0096ED91, 0x00228800, 0x00228800, 0x00228800, 0x00228800, 0x00228800, 0x00228800, 0x00228800, 0x00228800,
    0x00228800, 0x00228800, 0x00228800, 0x00228800, 0x00228800, 0x00228800, 0x00228800, 0x00228800, 0x00228800, 0x00228800, 0x00228800, 0x00228800,
    0x00228800, 0x00228800, 0x00228800, 0x00228800, 0x00228800, 0x00228800, 0x00228800, 0x00228800, 0x00228800, 0x00228800, 0x00228800, 0x00228800,
    0x00228800, 0x00228800, 0x00228800, 0x00228800, 0x00228700, 0x00111111, 0x00111111, 0x00111111, 0x00111111, 0x00000000, 0x00000000, 0x00000000,
    0x00000000, 0x00000000, 0xFF000000, 0xFF000000, 0xFF000000, 0xFF000000, 0xFF000000, 0xFF000000, 0xFF000000, 0xFF000000, 0xFF000000, 0xFF000000,
    0xFF000000, 0xFF000000, 0xFF000000, 0xFF000000, 0xFF000000, 0xFF000000, 0xFF000000, 0xFF000000, 0xFF000000, 0xFF000000, 0xFF000000, 0xFF000000,
    0xFF000000, 0xFF000000, 0xFF000000, 0xFF000000, 0xFF000000, 0xFF000000, 0xFF000000, 0x00000000, 0x00000000, 0x00000000, 0x00000000, 0x00111111,
    0x00111111, 0x00111111, 0x00111111, 0x00228800, 0x00228800, 0x00228800, 0x00228800, 0x00228800, 0x00228800, 0x00228800, 0x00228800, 0x00228800,
    0x0033AA08, 0x0033AA08, 0x0033AA08, 0x0033AA08, 0x0033AA08, 0x0033AA08, 0x0033AA08, 0x0033AA08, 0x0033AA08, 0x0033AA08, 0x0033AA08, 0x0033AA08,
    0x0033AA08, 0x0033AA08, 0x0033AA08, 0x0033AA08, 0x00228800, 0x00228800, 0x00228800, 0x00228800, 0x00228800, 0x00228800, 0x00228800, 0x00228800,
    0x00228800, 0x00228800, 0x00228800, 0x00228800, 0x00228800, 0x0096ED91, 0x00228800, 0x00155500, 0x0094E691, 0x00155500, 0x00228800, 0x0096ED91,
    0x00228800, 0x00228800, 0x00228800, 0x00228800, 0x00228800, 0x00228800, 0x00228800, 0x00228800, 0x00228800, 0x00228800, 0x00228800, 0x00228800,
    0x00228800, 0x00228800, 0x00228800, 0x00228800, 0x00228800, 0x00228800, 0x00228800, 0x00228800, 0x00228800, 0x00228800, 0x00228800, 0x00228800,
    0x00228800, 0x00228800, 0x00228800, 0x00228800, 0x00228800, 0x00228800, 0x00228800, 0x00228800, 0x00228800, 0x00228800, 0x00228800, 0x00228800,
    0x00228800, 0x00218101, 0x00111111, 0x00111111, 0x00111111, 0x00111111, 0x00000000, 0x00000000, 0x00000000, 0x00000000, 0xFF000000, 0xFF000000,
    0xFF000000, 0xFF000000, 0xFF000000, 0xFF000000, 0xFF000000, 0xFF000000, 0xFF000000, 0xFF000000, 0xFF000000, 0xFF000000, 0xFF000000, 0xFF000000,
    0xFF000000, 0xFF000000, 0xFF000000, 0xFF000000, 0xFF000000, 0xFF000000, 0xFF000000, 0xFF000000, 0xFF000000, 0xFF000000, 0xFF000000, 0xFF000000,
    0xFF000000, 0xFF000000, 0x00000000, 0x00000000, 0x00000000, 0x00000000, 0x00111111, 0x00111111, 0x00111111, 0x00111111, 0x00228800, 0x00228800,
    0x00228800, 0x00228800, 0x00228800, 0x00228800, 0x00228800, 0x00228800, 0x00228800, 0x0033AA08, 0x0033AA08, 0x0033AA08, 0x0033AA08, 0x0033AA08,
    0x0033AA08, 0x0033AA08, 0x0033AA08, 0x0033AA08, 0x0033AA08, 0x0033AA08, 0x0033AA08, 0x0033AA08, 0x0033AA08, 0x0033AA08, 0x00228800, 0x00228800,
    0x00228800, 0x00228800, 0x00228800, 0x00228800, 0x00228800, 0x00228800, 0x00228800, 0x00228800, 0x00228800, 0x00228800, 0x00228800, 0x00228800,
    0x00228800, 0x0096ED91, 0x00228800, 0x00155500, 0x0094E691, 0x00155500, 0x00228800, 0x0096ED91, 0x00228800, 0x00228800, 0x00228800, 0x00228800,
    0x00228800, 0x00228800, 0x00228800, 0x00228800, 0x00228800, 0x00228800, 0x00228800, 0x00228800, 0x00228800, 0x00228800, 0x00228800, 0x00228800,
    0x00228800, 0x00228800, 0x00228800, 0x00228800, 0x00228800, 0x00228800, 0x00228800, 0x00228800, 0x00228800, 0x00228800, 0x00228800, 0x00228800,
    0x00228800, 0x00228800, 0x00228800, 0x00228800, 0x00228800, 0x00228800, 0x00228800, 0x00228800, 0x00228800, 0x00228800, 0x001C5A07, 0x00111111,
    0x00111111, 0x00111111, 0x00111111, 0x00000000, 0x00000000, 0x00000000, 0x00000000, 0xFF000000, 0xFF000000, 0xFF000000, 0xFF000000, 0xFF000000,
    0xFF000000, 0xFF000000, 0xFF000000, 0xFF000000, 0xFF000000, 0xFF000000, 0xFF000000, 0xFF000000, 0xFF000000, 0xFF000000, 0xFF000000, 0xFF000000,
    0xFF000000, 0xFF000000, 0xFF000000, 0xFF000000, 0xFF000000, 0xFF000000, 0xFF000000, 0xFF000000, 0xFF000000, 0x00000000, 0x00000000, 0x00000000,
    0x00000000, 0x00111111, 0x00111111, 0x00111111, 0x00111111, 0x001F7403, 0x00228800, 0x00228800, 0x00228800, 0x00228800, 0x00228800, 0x00228800,
    0x00228800, 0x00228800, 0x0033AA08, 0x0033AA08, 0x0033AA08, 0x0033AA08, 0x0033AA08, 0x0033AA08, 0x0033AA08, 0x0033AA08, 0x0033AA08, 0x0033AA08,
    0x0033AA08, 0x0033AA08, 0x0033AA08, 0x0033AA08, 0x00228800, 0x00228800, 0x00228800, 0x00228800, 0x00228800, 0x00228800, 0x00228800, 0x00228800,
    0x00228800, 0x00228800, 0x00228800, 0x00228800, 0x00228800, 0x00228800, 0x00228800, 0x00228800, 0x00228800, 0x0096ED91, 0x00228800, 0x00155500,
    0x0094E691, 0x00155500, 0x00228800, 0x0096ED91, 0x00228800, 0x00228800, 0x00228800, 0x00228800, 0x00228800, 0x00228800, 0x00228800, 0x00228800,
    0x00228800, 0x00228800, 0x00228800, 0x00228800, 0x00228800, 0x00228800, 0x00228800, 0x00228800, 0x00228800, 0x00228800, 0x00228800, 0x00228800,
    0x00228800, 0x00228800, 0x00228800, 0x00228800, 0x00228800, 0x00228800, 0x00228800, 0x00228800, 0x00228800, 0x00228800, 0x00228800, 0x00228800,
    0x00228800, 0x00228800, 0x00228800, 0x00228800, 0x00228800, 0x00228800, 0x00228800, 0x00121810, 0x00111111, 0x00111111, 0x00111111, 0x00060606,
    0x00000000, 0x00000000, 0x00000000, 0x00000000, 0xFF000000, 0xFF000000, 0xFF000000, 0xFF000000, 0xFF000000, 0xFF000000, 0xFF000000, 0xFF000000,
    0xFF000000, 0xFF000000, 0xFF000000, 0xFF000000, 0xFF000000, 0xFF000000, 0xFF000000, 0xFF000000, 0xFF000000, 0xFF000000, 0xFF000000, 0xFF000000,
    0xFF000000, 0xFF000000, 0xFF000000, 0xFF000000, 0x00000000, 0x00000000, 0x00000000, 0x00000000, 0x00020202, 0x00111111, 0x00111111, 0x00111111,
    0x00121B0F, 0x00228800, 0x00228800, 0x00228800, 0x00228800, 0x00228800, 0x00228800, 0x00228800, 0x00228800, 0x0033AA08, 0x0033AA08, 0x0033AA08,
    0x0033AA08, 0x0033AA08, 0x0033AA08, 0x0033AA08, 0x0033AA08, 0x0033AA08, 0x0033AA08, 0x0033AA08, 0x0033AA08, 0x0033AA08, 0x002B9B05, 0x00228800,
    0x00228800, 0x00228800, 0x00228800, 0x00228800, 0x00228800, 0x00228800, 0x00228800, 0x00228800, 0x00228800, 0x00228800, 0x00228800, 0x00228800,
    0x00228800, 0x00228800, 0x00228800, 0x00228800, 0x00228800, 0x0096ED91, 0x00228800, 0x00155500, 0x0094E691, 0x00155500, 0x00228800, 0x0096ED91,
    0x00228800, 0x00228800, 0x00228800, 0x00228800, 0x00228800, 0x00228800, 0x00228800, 0x00228800, 0x00228800, 0x00228800, 0x00228800, 0x00228800,
    0x00228800, 0x00228800, 0x00228800, 0x00228800, 0x00228800, 0x00228800, 0x00228800, 0x00228800, 0x00228800, 0x00228800, 0x00228800, 0x00228800,
    0x00228800, 0x00228800, 0x00228800, 0x00228800, 0x00228800, 0x00228800, 0x00228800, 0x00228800, 0x00228800, 0x00228800, 0x00228800, 0x00228800,
    0x00228800, 0x00228800, 0x00228800, 0x00228800, 0x00111111, 0x00111111, 0x00111111, 0x00111111, 0x00000000, 0x00000000, 0x00000000, 0x00000000,
    0x00000000, 0xFF000000, 0xFF000000, 0xFF000000, 0xFF000000, 0xFF000000, 0xFF000000, 0xFF000000, 0xFF000000, 0xFF000000, 0xFF000000, 0xFF000000,
    0xFF000000, 0xFF000000, 0xFF000000, 0xFF000000, 0xFF000000, 0xFF000000, 0xFF000000, 0xFF000000, 0xFF000000, 0xFF000000, 0xFF000000, 0xFF000000,
    0x00000000, 0x00000000, 0x00000000, 0x00000000, 0x00111111, 0x00111111, 0x00111111, 0x00111111, 0x00228800, 0x00228800, 0x00228800, 0x00228800,
    0x00228800, 0x00228800, 0x00228800, 0x00228800, 0x0033AA08, 0x0033AA08, 0x0033AA08, 0x0033AA08, 0x0033AA08, 0x0033AA08, 0x0033AA08, 0x0033AA08,
    0x0033AA08, 0x0033AA08, 0x0033AA08, 0x0033AA08, 0x0033AA08, 0x00228800, 0x00228800, 0x00228800, 0x00228800, 0x00228800, 0x00228800, 0x00228800,
    0x00228800, 0x00228800, 0x00228800, 0x00228800, 0x00228800, 0x00228800, 0x00228800, 0x00228800, 0x00228800, 0x00228800, 0x00228800, 0x00228800,
    0x00228800, 0x0096ED91, 0x00228800, 0x00155500, 0x0094E691, 0x00155500, 0x00228800, 0x0096ED91, 0x00228800, 0x00228800, 0x00228800, 0x00228800,
    0x00228800, 0x00228800, 0x00228800, 0x00228800, 0x00228800, 0x00228800, 0x00228800, 0x00228800, 0x00228800, 0x00228800, 0x00228800, 0x00228800,
    0x00228800, 0x00228800, 0x00228800, 0x00228800, 0x00228800, 0x00228800, 0x00228800, 0x00228800, 0x00228800, 0x00228800, 0x00228800, 0x00228800,
    0x00228800, 0x00228800, 0x00228800, 0x00228800, 0x00228800, 0x00228800, 0x00228800, 0x00228800, 0x00228800, 0x00228800, 0x00228800, 0x00228800,
    0x00228800, 0x00111111, 0x00111111, 0x00111111, 0x00111111, 0x00000000, 0x00000000, 0x00000000, 0x00000000, 0xFF000000, 0xFF000000, 0xFF000000,
    0xFF000000, 0xFF000000, 0xFF000000, 0xFF000000, 0xFF000000, 0xFF000000, 0xFF000000, 0xFF000000, 0xFF000000, 0xFF000000, 0xFF000000, 0xFF000000,
    0xFF000000, 0xFF000000, 0xFF000000, 0xFF000000, 0xFF000000, 0xFF000000, 0xFF000000, 0x00000000, 0x00000000, 0x00000000, 0x00000000, 0x00111111,
    0x00111111, 0x00111111, 0x00111111, 0x00228800, 0x00228800, 0x00228800, 0x00228800, 0x00228800, 0x00228800, 0x00228800, 0x00228800, 0x0033AA08,
    0x0033AA08, 0x0033AA08, 0x0033AA08, 0x0033AA08, 0x0033AA08, 0x0033AA08, 0x0033AA08, 0x0033AA08, 0x0033AA08, 0x0033AA08, 0x0033AA08, 0x002A9603,
    0x00228800, 0x00228800, 0x00228800, 0x00228800, 0x00228800, 0x00228800, 0x00228800, 0x00228800, 0x00228800, 0x00228800, 0x00228800, 0x00228800,
    0x00228800, 0x00228800, 0x00228800, 0x00228800, 0x00228800, 0x00228800, 0x00228800, 0x00228800, 0x00228800, 0x0096ED91, 0x00228800, 0x00155500,
    0x0094E691, 0x00155500, 0x00228800, 0x0096ED91, 0x00228800, 0x00228800, 0x00228800, 0x00228800, 0x00228800, 0x00228800, 0x00228800, 0x00228800,
    0x00228800, 0x00228800, 0x00228800, 0x00228800, 0x00228800, 0x00228800, 0x00228800, 0x00228800, 0x00228800, 0x00228800, 0x00228800, 0x00228800,
    0x00228800, 0x00228800, 0x00228800, 0x00228800, 0x00228800, 0x00228800, 0x00228800, 0x00228800, 0x00228800, 0x00228800, 0x00228800, 0x00228800,
    0x00228800, 0x00228800, 0x00228800, 0x00228800, 0x00228800, 0x00228800, 0x00228800, 0x00228800, 0x00228800, 0x00228800, 0x00111111, 0x00111111,
    0x00111111, 0x00101010, 0x00000000, 0x00000000, 0x00000000, 0x00000000, 0xFF000000, 0xFF000000, 0xFF000000, 0xFF000000, 0xFF000000, 0xFF000000,
    0xFF000000, 0xFF000000, 0xFF000000, 0xFF000000, 0xFF000000, 0xFF000000, 0xFF000000, 0xFF000000, 0xFF000000, 0xFF000000, 0xFF000000, 0xFF000000,
    0xFF000000, 0xFF000000, 0xFF000000, 0x00000000, 0x00000000, 0x00000000, 0x00070707, 0x00111111, 0x00111111, 0x00111111, 0x00218400, 0x00228800,
    0x00228800, 0x00228800, 0x00228800, 0x00228800, 0x00228800, 0x00228800, 0x002EA006, 0x0033AA08, 0x0033AA08, 0x0033AA08, 0x0033AA08, 0x0033AA08,
    0x0033AA08, 0x0033AA08, 0x0033AA08, 0x0033AA08, 0x0033AA08, 0x0033AA08, 0x00228800, 0x00228800, 0x00228800, 0x00228800, 0x00228800, 0x00228800,
    0x00228800, 0x00228800, 0x00228800, 0x00228800, 0x00228800, 0x00228800, 0x00228800, 0x00228800, 0x00228800, 0x00228800, 0x00228800, 0x00228800,
    0x00228800, 0x00228800, 0x00228800, 0x00228800, 0x00228800, 0x0096ED91, 0x00228800, 0x00155500, 0x0094E691, 0x00155500, 0x00228800, 0x0096ED91,
    0x00228800, 0x00228800, 0x00228800, 0x00228800, 0x00228800, 0x00228800, 0x00228800, 0x00228800, 0x00228800, 0x00228800, 0x00228800, 0x00228800,
    0x00228800, 0x00228800, 0x00228800, 0x00228800, 0x00228800, 0x00228800, 0x00228800, 0x00228800, 0x00228800, 0x00228800, 0x00228800, 0x00228800,
    0x00228800, 0x00228800, 0x00228800, 0x00228800, 0x00228800, 0x00228800, 0x00228800, 0x00228800, 0x00228800, 0x00228800, 0x00228800, 0x00228800,
    0x00228800, 0x00228800, 0x00228800, 0x00228800, 0x00228800, 0x00228800, 0x0014250E, 0x00111111, 0x00111111, 0x00111111, 0x00000000, 0x00000000,
    0x00000000, 0x00000000, 0xFF000000, 0xFF000000, 0xFF000000, 0xFF000000, 0xFF000000, 0xFF000000, 0xFF000000, 0xFF000000, 0xFF000000, 0xFF000000,
    0xFF000000, 0xFF000000, 0xFF000000, 0xFF000000, 0xFF000000, 0xFF000000, 0xFF000000, 0xFF000000, 0xFF000000, 0xFF000000, 0x00000000, 0x00000000,
    0x00000000, 0x00000000, 0x00111111, 0x00111111, 0x00111111, 0x00111111, 0x00228800, 0x00228800, 0x00228800, 0x00228800, 0x00228800, 0x00228800,
    0x00228800, 0x00228800, 0x0033AA08, 0x0033AA08, 0x0033AA08, 0x0033AA08, 0x0033AA08, 0x0033AA08, 0x0033AA08, 0x0033AA08, 0x0033AA08, 0x0033AA08,
    0x0033AA08, 0x00228800, 0x00228800, 0x00228800, 0x00228800, 0x00228800, 0x00228800, 0x00228800, 0x00228800, 0x00228800, 0x00228800, 0x00228800,
    0x00228800, 0x00228800, 0x00228800, 0x00228800, 0x00228800, 0x00228800, 0x00228800, 0x00228800, 0x00228800, 0x00228800, 0x00228800, 0x00228800,
    0x00228800, 0x0096ED91, 0x00228800, 0x00155500, 0x0094E691, 0x00155500, 0x00228800, 0x0096ED91, 0x00228800, 0x00228800, 0x00228800, 0x00228800,
    0x00228800, 0x00228800, 0x00228800, 0x00228800, 0x00228800, 0x00228800, 0x00228800, 0x00228800, 0x00228800, 0x00228800, 0x00228800, 0x00228800,
    0x00228800, 0x00228800, 0x00228800, 0x00228800, 0x00228800, 0x00228800, 0x00228800, 0x00228800, 0x00228800, 0x00228800, 0x00228800, 0x00228800,
    0x00228800, 0x00228800, 0x00228800, 0x00228800, 0x00228800, 0x00228800, 0x00228800, 0x00228800, 0x00228800, 0x00228800, 0x00228800, 0x00228800,
    0x00228800, 0x00228800, 0x00228800, 0x00111111, 0x00111111, 0x00111111, 0x00111111, 0x00000000, 0x00000000, 0x00000000, 0x00000000, 0xFF000000,
    0xFF000000, 0xFF000000, 0xFF000000, 0xFF000000, 0xFF000000, 0xFF000000, 0xFF000000, 0xFF000000, 0xFF000000, 0xFF000000, 0xFF000000, 0xFF000000,
    0xFF000000, 0xFF000000, 0xFF000000, 0xFF000000, 0xFF000000, 0x00000000, 0x00000000, 0x00000000, 0x00000000, 0x00111111, 0x00111111, 0x00111111,
    0x00111111, 0x00228800, 0x00228800, 0x00228800, 0x00228800, 0x00228800, 0x00228800, 0x00228800, 0x00228800, 0x0033AA08, 0x0033AA08, 0x0033AA08,
    0x0033AA08, 0x0033AA08, 0x0033AA08, 0x0033AA08, 0x0033AA08, 0x0033AA08, 0x0033AA08, 0x0033AA08, 0x00228800, 0x00228800, 0x00228800, 0x00228800,
    0x00228800, 0x00228800, 0x00228800, 0x00228800, 0x00228800, 0x00228800, 0x00228800, 0x00228800, 0x00228800, 0x00228800, 0x00228800, 0x00228800,
    0x00228800, 0x00228800, 0x00228800, 0x00228800, 0x00228800, 0x00228800, 0x00228800, 0x00228800, 0x00228800, 0x0096ED91, 0x00228800, 0x00155500,
    0x0094E691, 0x00155500, 0x00228800, 0x0096ED91, 0x00228800, 0x00228800, 0x00228800, 0x00228800, 0x00228800, 0x00228800, 0x00228800, 0x00228800,
    0x00228800, 0x00228800, 0x00228800, 0x00228800, 0x00228800, 0x00228800, 0x00228800, 0x00228800, 0x00228800, 0x00228800, 0x00228800, 0x00228800,
    0x00228800, 0x00228800, 0x00228800, 0x00228800, 0x00228800, 0x00228800, 0x00228800, 0x00228800, 0x00228800, 0x00228800, 0x00228800, 0x00228800,
    0x00228800, 0x00228800, 0x00228800, 0x00228800, 0x00228800, 0x00228800, 0x00228800, 0x00228800, 0x00228800, 0x00228800, 0x00228800, 0x00228800,
    0x00111111, 0x00111111, 0x00111111, 0x00090909, 0x00000000, 0x00000000, 0x00000000, 0x00000000, 0xFF000000, 0xFF000000, 0xFF000000, 0xFF000000,
    0xFF000000, 0xFF000000, 0xFF000000, 0xFF000000, 0xFF000000, 0xFF000000, 0xFF000000, 0xFF000000, 0xFF000000, 0xFF000000, 0xFF000000, 0xFF000000,
    0xFF000000, 0x00000000, 0x00000000, 0x00000000, 0x00000000, 0x00111111, 0x00111111, 0x00111111, 0x001F7602, 0x00228800, 0x00228800, 0x00228800,
    0x00228800, 0x00228800, 0x00228800, 0x00228800, 0x002EA006, 0x0033AA08, 0x0033AA08, 0x0033AA08, 0x0033AA08, 0x0033AA08, 0x0033AA08, 0x0033AA08,
    0x0033AA08, 0x0033AA08, 0x0032A908, 0x00228800, 0x00228800, 0x00228800, 0x00228800, 0x00228800, 0x00228800, 0x00228800, 0x00228800, 0x00228800,
    0x00228800, 0x00228800, 0x00228800, 0x00228800, 0x00228800, 0x00228800, 0x00228800, 0x00228800, 0x00228800, 0x00228800, 0x00228800, 0x00228800,
    0x00228800, 0x00228800, 0x00228800, 0x00228800, 0x00228800, 0x0096ED91, 0x00228800, 0x00155500, 0x0094E691, 0x00155500, 0x00228800, 0x0096ED91,
    0x00228800, 0x00228800, 0x00228800, 0x00228800, 0x00228800, 0x00228800, 0x00228800, 0x00228800, 0x00228800, 0x00228800, 0x00228800, 0x00228800,
    0x00228800, 0x00228800, 0x00228800, 0x00228800, 0x00228800, 0x00228800, 0x00228800, 0x00228800, 0x00228800, 0x00228800, 0x00228800, 0x00228800,
    0x00228800, 0x00228800, 0x00228800, 0x00228800, 0x00228800, 0x00228800, 0x00228800, 0x00228800, 0x00228800, 0x00228800, 0x00228800, 0x00228800,
    0x00228800, 0x00228800, 0x00228800, 0x00228800, 0x00228800, 0x00228800, 0x00228800, 0x00228800, 0x00121511, 0x00111111, 0x00111111, 0x00111111,
    0x00000000, 0x00000000, 0x00000000, 0x00000000, 0xFF000000, 0xFF000000, 0xFF000000, 0xFF000000, 0xFF000000, 0xFF000000, 0xFF000000, 0xFF000000,
    0xFF000000, 0xFF000000, 0xFF000000, 0xFF000000, 0xFF000000, 0xFF000000, 0xFF000000, 0xFF000000, 0x00000000, 0x00000000, 0x00000000, 0x00000000,
    0x00111111, 0x00111111, 0x00111111, 0x00111111, 0x00228800, 0x00228800, 0x00228800, 0x00228800, 0x00228800, 0x00228800, 0x00228800, 0x00228800,
    0x00228800, 0x0033AA08, 0x0033AA08, 0x0033AA08, 0x0033AA08, 0x0033AA08, 0x0033AA08, 0x0033AA08, 0x0033AA08, 0x0033AA08, 0x00228800, 0x00228800,
    0x00228800, 0x00228800, 0x00228800, 0x00228800, 0x00228800, 0x00228800, 0x00228800, 0x00228800, 0x00228800, 0x00228800, 0x00228800, 0x00228800,
    0x00228800, 0x00228800, 0x00228800, 0x00228800, 0x00228800, 0x00228800, 0x00228800, 0x00228800, 0x00228800, 0x00228800, 0x00228800, 0x00228800,
    0x00228800, 0x0096ED91, 0x00228800, 0x00155500, 0x0094E691, 0x00155500, 0x00228800, 0x0096ED91, 0x00228800, 0x00228800, 0x00228800, 0x00228800,
    0x00228800, 0x00228800, 0x00228800, 0x00228800, 0x00228800, 0x00228800, 0x00228800, 0x00228800, 0x00228800, 0x00228800, 0x00228800, 0x00228800,
    0x00228800, 0x00228800, 0x00228800, 0x00228800, 0x00228800, 0x00228800, 0x00228800, 0x00228800, 0x00228800, 0x00228800, 0x00228800, 0x00228800,
    0x00228800, 0x00228800, 0x00228800, 0x00228800, 0x00228800, 0x00228800, 0x00228800, 0x00228800, 0x00228800, 0x00228800, 0x00228800, 0x00228800,
    0x00228800, 0x00228800, 0x00228800, 0x00228800, 0x00228800, 0x00111111, 0x00111111, 0x00111111, 0x00111111, 0x00000000, 0x00000000, 0x00000000,
    0x00000000, 0xFF000000, 0xFF000000, 0xFF000000, 0xFF000000, 0xFF000000, 0xFF000000, 0xFF000000, 0xFF000000, 0xFF000000, 0xFF000000, 0xFF000000,
    0xFF000000, 0xFF000000, 0xFF000000, 0xFF000000, 0x00000000, 0x00000000, 0x00000000, 0x00000000, 0x00111111, 0x00111111, 0x00111111, 0x00228800,
    0x00228800, 0x00228800, 0x00228800, 0x00228800, 0x00228800, 0x00228800, 0x00228800, 0x00228800, 0x00228800, 0x00228800, 0x0033AA08, 0x0033AA08,
    0x0033AA08, 0x0033AA08, 0x0033AA08, 0x0033AA08, 0x0033AA08, 0x00228800, 0x00228800, 0x00228800, 0x00228800, 0x00228800, 0x00228800, 0x00228800,
    0x00228800, 0x00228800, 0x00228800, 0x00228800, 0x00228800, 0x00228800, 0x00228800, 0x00228800, 0x00228800, 0x00228800, 0x00228800, 0x00228800,
    0x00228800, 0x00228800, 0x00228800, 0x00228800, 0x00228800, 0x00228800, 0x00228800, 0x00228800, 0x00228800, 0x0096ED91, 0x00228800, 0x00155500,
    0x0094E691, 0x00155500, 0x00228800, 0x0096ED91, 0x00228800, 0x00228800, 0x00228800, 0x00228800, 0x00228800, 0x00228800, 0x00228800, 0x00228800,
    0x00228800, 0x00228800, 0x00228800, 0x00228800, 0x00228800, 0x00228800, 0x00228800, 0x00228800, 0x00228800, 0x00228800, 0x00228800, 0x00228800,
    0x00228800, 0x00228800, 0x00228800, 0x00228800, 0x00228800, 0x00228800, 0x00228800, 0x00228800, 0x00228800, 0x00228800, 0x00228800, 0x00228800,
    0x00228800, 0x00228800, 0x00228800, 0x00228800, 0x00228800, 0x00228800, 0x00228800, 0x00228800, 0x00228800, 0x00228800, 0x00228800, 0x00228800,
    0x00228800, 0x001B5C06, 0x00111111, 0x00111111, 0x00111111, 0x00000000, 0x00000000, 0x00000000, 0x00000000, 0xFF000000, 0xFF000000, 0xFF000000,
    0xFF000000, 0xFF000000, 0xFF000000, 0xFF000000, 0xFF000000, 0xFF000000, 0xFF000000, 0xFF000000, 0xFF000000, 0xFF000000, 0xFF000000, 0x00000000,
    0x00000000, 0x00000000, 0x00000000, 0x00111111, 0x00111111, 0x00111111, 0x00111111, 0x00228800, 0x00228800, 0x00228800, 0x00228800, 0x00228800,
    0x00228800, 0x00228800, 0x00228800, 0x00228800, 0x00228800, 0x00228800, 0x00258D01, 0x0033AA08, 0x0033AA08, 0x0033AA08, 0x0033AA08, 0x0033AA08,
    0x00228800, 0x00228800, 0x00228800, 0x00228800, 0x00228800, 0x00228800, 0x00228800, 0x00228800, 0x00228800, 0x00228800, 0x00228800, 0x00228800,
    0x00228800, 0x00228800, 0x00228800, 0x00228800, 0x00228800, 0x00228800, 0x00228800, 0x00228800, 0x00228800, 0x00228800, 0x00228800, 0x00228800,
    0x00228800, 0x00228800, 0x00228800, 0x00228800, 0x00228800, 0x0096ED91, 0x00228800, 0x00155500, 0x0094E691, 0x00155500, 0x00228800, 0x0096ED91,
    0x00228800, 0x00228800, 0x00228800, 0x00228800, 0x00228800, 0x00228800, 0x00228800, 0x00228800, 0x00228800, 0x00228800, 0x00228800, 0x00228800,
    0x00228800, 0x00228800, 0x00228800, 0x00228800, 0x00228800, 0x00228800, 0x00228800, 0x00228800, 0x00228800, 0x00228800, 0x00228800, 0x00228800,
    0x00228800, 0x00228800, 0x00228800, 0x00228800, 0x00228800, 0x00228800, 0x00228800, 0x00228800, 0x00228800, 0x00228800, 0x00228800, 0x00228800,
    0x00228800, 0x00228800, 0x00228800, 0x00228800, 0x00228800, 0x00228800, 0x00228800, 0x00228800, 0x00228800, 0x00228800, 0x00111111, 0x00111111,
    0x00111111, 0x00111111, 0x00000000, 0x00000000, 0x00000000, 0x00000000, 0xFF000000, 0xFF000000, 0xFF000000, 0xFF000000, 0xFF000000, 0xFF000000,
    0xFF000000, 0xFF000000, 0xFF000000, 0xFF000000, 0xFF000000, 0xFF000000, 0xFF000000, 0x00000000, 0x00000000, 0x00000000, 0x00000000, 0x00111111,
    0x00111111, 0x00111111, 0x00228800, 0x00228800, 0x00228800, 0x00228800, 0x00228800, 0x00228800, 0x00228800, 0x00228800, 0x00228800, 0x00228800,
    0x00228800, 0x00228800, 0x00228800, 0x0033AA08, 0x0033AA08, 0x0033AA08, 0x0033AA08, 0x00228800, 0x00228800, 0x00228800, 0x00228800, 0x00228800,
    0x00228800, 0x00228800, 0x00228800, 0x00228800, 0x00228800, 0x00228800, 0x00228800, 0x00228800, 0x00228800, 0x00228800, 0x00228800, 0x00228800,
    0x00228800, 0x00228800, 0x00228800, 0x00228800, 0x00228800, 0x00228800, 0x00228800, 0x00228800, 0x00228800, 0x00228800, 0x00228800, 0x00228800,
    0x00228800, 0x0096ED91, 0x00228800, 0x00155500, 0x0094E691, 0x00155500, 0x00228800, 0x0096ED91, 0x00228800, 0x00228800, 0x00228800, 0x00228800,
    0x00228800, 0x00228800, 0x00228800, 0x00228800, 0x00228800, 0x00228800, 0x00228800, 0x00228800, 0x00228800, 0x00228800, 0x00228800, 0x00228800,
    0x00228800, 0x00228800, 0x00228800, 0x00228800, 0x00228800, 0x00228800, 0x00228800, 0x00228800, 0x00228800, 0x00228800, 0x00228800, 0x00228800,
    0x00228800, 0x00228800, 0x00228800, 0x00228800, 0x00228800, 0x00228800, 0x00228800, 0x00228800, 0x00228800, 0x00228800, 0x00228800, 0x00228800,
    0x00228800, 0x00228800, 0x00228800, 0x00228800, 0x00228800, 0x00228800, 0x001F7503, 0x00111111, 0x00111111, 0x00111111, 0x00000000, 0x00000000,
    0x00000000, 0x00000000, 0xFF000000, 0xFF000000, 0xFF000000, 0xFF000000, 0xFF000000, 0xFF000000, 0xFF000000, 0xFF000000, 0xFF000000, 0xFF000000,
    0xFF000000, 0xFF000000, 0xFF000000, 0x00000000, 0x00000000, 0x00000000, 0x00111111, 0x00111111, 0x00111111, 0x00111111, 0x00228800, 0x00228800,
    0x00228800, 0x00228800, 0x00228800, 0x00228800, 0x00228800, 0x00228800, 0x00228800, 0x00228800, 0x00228800, 0x00228800, 0x00228800, 0x00228800,
    0x0033AA08, 0x0033AA08, 0x00228800, 0x00228800, 0x00228800, 0x00228800, 0x00228800, 0x00228800, 0x00228800, 0x00228800, 0x00228800, 0x00228800,
    0x00228800, 0x00228800, 0x00228800, 0x00228800, 0x00228800, 0x00228800, 0x00228800, 0x00228800, 0x00228800, 0x00228800, 0x00228800, 0x00228800,
    0x00228800, 0x00228800, 0x00228800, 0x00228800, 0x00228800, 0x00228800, 0x00228800, 0x00228800, 0x00228800, 0x0096ED91, 0x00228800, 0x00155500,
    0x0094E691, 0x00155500, 0x00228800, 0x0096ED91, 0x00228800, 0x00228800, 0x00228800, 0x00228800, 0x00228800, 0x00228800, 0x00228800, 0x00228800,
    0x00228800, 0x00228800, 0x00228800, 0x00228800, 0x00228800, 0x00228800, 0x00228800, 0x00228800, 0x00228800, 0x00228800, 0x00228800, 0x00228800,
    0x00228800, 0x00228800, 0x00228800, 0x00228800, 0x00228800, 0x00228800, 0x00228800, 0x00228800, 0x00228800, 0x00228800, 0x00228800, 0x00228800,
    0x00228800, 0x00228800, 0x00228800, 0x00228800, 0x00228800, 0x00228800, 0x00228800, 0x00228800, 0x00228800, 0x00228800, 0x00228800, 0x00228800,
    0x00228800, 0x00228800, 0x00228800, 0x00111111, 0x00111111, 0x00111111, 0x000F0F0F, 0x00000000, 0x00000000, 0x00000000, 0xFF000000, 0xFF000000,
    0xFF000000, 0xFF000000, 0xFF000000, 0xFF000000, 0xFF000000, 0xFF000000, 0xFF000000, 0xFF000000, 0xFF000000, 0xFF000000, 0x00000000, 0x00000000,
    0x00000000, 0x00000000, 0x00111111, 0x00111111, 0x00111111, 0x00228800, 0x00228800, 0x00228800, 0x00228800, 0x00228800, 0x00228800, 0x00228800,
    0x00228800, 0x00228800, 0x00228800, 0x00228800, 0x00228800, 0x00228800, 0x00228800, 0x00228800, 0x00228800, 0x002FA006, 0x00228800, 0x00228800,
    0x00228800, 0x00228800, 0x00228800, 0x00228800, 0x00228800, 0x00228800, 0x00228800, 0x00228800, 0x00228800, 0x00228800, 0x00228800, 0x00228800,
    0x00228800, 0x00228800, 0x00228800, 0x00228800, 0x00228800, 0x00228800, 0x00228800, 0x00228800, 0x00228800, 0x00228800, 0x00228800, 0x00228800,
    0x00228800, 0x00228800, 0x00228800, 0x00228800, 0x00228800, 0x0096ED91, 0x00228800, 0x00155500, 0x0094E691, 0x00155500, 0x00228800, 0x0096ED91,
    0x00228800, 0x00228800, 0x00228800, 0x00228800, 0x00228800, 0x00228800, 0x00228800, 0x00228800, 0x00228800, 0x00228800, 0x00228800, 0x00228800,
    0x00228800, 0x00228800, 0x00228800, 0x00228800, 0x00228800, 0x00228800, 0x00228800, 0x00228800, 0x00228800, 0x00228800, 0x00228800, 0x00228800,
    0x00228800, 0x00228800, 0x00228800, 0x00228800, 0x00228800, 0x00228800, 0x00228800, 0x00228800, 0x00228800, 0x00228800, 0x00228800, 0x00228800,
    0x00228800, 0x00228800, 0x00228800, 0x00228800, 0x00228800, 0x00228800, 0x00228800, 0x00228800, 0x00228800, 0x00228800, 0x00228800, 0x001B5607,
    0x00111111, 0x00111111, 0x00111111, 0x00000000, 0x00000000, 0x00000000, 0x00000000, 0xFF000000, 0xFF000000, 0xFF000000, 0xFF000000, 0xFF000000,
    0xFF000000, 0xFF000000, 0xFF000000, 0xFF000000, 0xFF000000, 0xFF000000, 0x00000000, 0x00000000, 0x00000000, 0x00111111, 0x00111111, 0x00111111,
    0x00111111, 0x00228800, 0x00228800, 0x00228800, 0x00228800, 0x00228800, 0x00228800, 0x00228800, 0x00228800, 0x00228800, 0x00228800, 0x00228800,
    0x00228800, 0x00228800, 0x00228800, 0x00228800, 0x00228800, 0x00228800, 0x00228800, 0x00228800, 0x00228800, 0x00228800, 0x00228800, 0x00228800,
    0x00228800, 0x00228800, 0x00228800, 0x00228800, 0x00228800, 0x00228800, 0x00228800, 0x00228800, 0x00228800, 0x00228800, 0x00228800, 0x00228800,
    0x00228800, 0x00228800, 0x00228800, 0x00228800, 0x00228800, 0x00228800, 0x00228800, 0x00228800, 0x00228800, 0x00228800, 0x00228800, 0x00228800,
    0x00228800, 0x0096ED91, 0x00155500, 0x00155500, 0x0094E691, 0x00155500, 0x00196200, 0x0096ED91, 0x00228800, 0x00228800, 0x00228800, 0x00228800,
    0x00228800, 0x00228800, 0x00228800, 0x00228800, 0x00228800, 0x00228800, 0x00228800, 0x00228800, 0x00228800, 0x00228800, 0x00228800, 0x00228800,
    0x00228800, 0x00228800, 0x00228800, 0x00228800, 0x00228800, 0x00228800, 0x00228800, 0x00228800, 0x00228800, 0x00228800, 0x00228800, 0x00228800,
    0x00228800, 0x00228800, 0x00228800, 0x00228800, 0x00228800, 0x00228800, 0x00228800, 0x00228800, 0x00228800, 0x00228800, 0x00228800, 0x00228800,
    0x00228800, 0x00228800, 0x00228800, 0x00228800, 0x00228800, 0x00228800, 0x00228800, 0x00228800, 0x00111111, 0x00111111, 0x00111111, 0x00020202,
    0x00000000, 0x00000000, 0x00000000, 0xFF000000, 0xFF000000, 0xFF000000, 0xFF000000, 0xFF000000, 0xFF000000, 0xFF000000, 0xFF000000, 0xFF000000,
    0xFF000000, 0x00000000, 0x00000000, 0x00000000, 0x00000000, 0x00111111, 0x00111111, 0x00111111, 0x001F7503, 0x00228800, 0x00228800, 0x00228800,
    0x00228800, 0x00228800, 0x00228800, 0x00228800, 0x00228800, 0x00228800, 0x00228800, 0x00228800, 0x00228800, 0x00228800, 0x00228800, 0x00228800,
    0x00228800, 0x00228800, 0x00228800, 0x00228800, 0x00228800, 0x00228800, 0x00228800, 0x00228800, 0x00228800, 0x00228800, 0x00228800, 0x00228800,
    0x00228800, 0x00228800, 0x00228800, 0x00228800, 0x00228800, 0x00228800, 0x00228800, 0x00228800, 0x00228800, 0x00228800, 0x00228800, 0x00228800,
    0x00228800, 0x00228800, 0x00228800, 0x00228800, 0x00228800, 0x00228800, 0x00228800, 0x00228800, 0x00228800, 0x0094E691, 0x00155500, 0x00155500,
    0x0094E691, 0x00155500, 0x00155500, 0x0094E691, 0x00228800, 0x00228800, 0x00228800, 0x00228800, 0x00228800, 0x00228800, 0x00228800, 0x00228800,
    0x00228800, 0x00228800, 0x00228800, 0x00228800, 0x00228800, 0x00228800, 0x00228800, 0x00228800, 0x00228800, 0x00228800, 0x00228800, 0x00228800,
    0x00228800, 0x00228800, 0x00228800, 0x00228800, 0x00228800, 0x00228800, 0x00228800, 0x00228800, 0x00228800, 0x00228800, 0x00228800, 0x00228800,
    0x00228800, 0x00228800, 0x00228800, 0x00228800, 0x00228800, 0x00228800, 0x00228800, 0x00228800, 0x00228800, 0x00228800, 0x00228800, 0x00228800,
    0x00228800, 0x00228800, 0x00228800, 0x00228800, 0x00111211, 0x00111111, 0x00111111, 0x00111111, 0x00000000, 0x00000000, 0x00000000, 0x00000000,
    0xFF000000, 0xFF000000, 0xFF000000, 0xFF000000, 0xFF000000, 0xFF000000, 0xFF000000, 0xFF000000, 0xFF000000, 0x00000000, 0x00000000, 0x00000000,
    0x00000000, 0x00111111, 0x00111111, 0x00111111, 0x00228800, 0x00228800, 0x00228800, 0x00228800, 0x00228800, 0x00228800, 0x00228800, 0x00228800,
    0x00228800, 0x00228800, 0x00228800, 0x00228800, 0x00228800, 0x00228800, 0x00228800, 0x00228800, 0x00228800, 0x00228800, 0x00228800, 0x00228800,
    0x00228800, 0x00228800, 0x00228800, 0x00228800, 0x00228800, 0x00228800, 0x00228800, 0x00228800, 0x00228800, 0x00228800, 0x00228800, 0x00228800,
    0x00228800, 0x00228800, 0x00228800, 0x00228800, 0x00228800, 0x00228800, 0x00228800, 0x00228800, 0x00228800, 0x00228800, 0x00228800, 0x00228800,
    0x00228800, 0x00228800, 0x00228800, 0x00155700, 0x00155500, 0x0094E691, 0x00228800, 0x00155500, 0x0094E691, 0x00155500, 0x00218500, 0x0094E691,
    0x00155500, 0x001C7200, 0x00228800, 0x00228800, 0x00228800, 0x00228800, 0x00228800, 0x00228800, 0x00228800, 0x00228800, 0x00228800, 0x00228800,
    0x00228800, 0x00228800, 0x00228800, 0x00228800, 0x00228800, 0x00228800, 0x00228800, 0x00228800, 0x00228800, 0x00228800, 0x00228800, 0x00228800,
    0x00228800, 0x00228800, 0x00228800, 0x00228800, 0x00228800, 0x00228800, 0x00228800, 0x00228800, 0x00228800, 0x00228800, 0x00228800, 0x00228800,
    0x00228800, 0x00228800, 0x00228800, 0x00228800, 0x00228800, 0x00228800, 0x00228800, 0x00228800, 0x00228800, 0x00228800, 0x00228800, 0x00228800,
    0x00228800, 0x00111111, 0x00111111, 0x00111111, 0x00000000, 0x00000000, 0x00000000, 0x00000000, 0xFF000000, 0xFF000000, 0xFF000000, 0xFF000000,
    0xFF000000, 0xFF000000, 0xFF000000, 0xFF000000, 0xFF000000, 0x00000000, 0x00000000, 0x00000000, 0x00111111, 0x00111111, 0x00111111, 0x00111111,
    0x00228800, 0x00228800, 0x00228800, 0x00228800, 0x00228800, 0x00228800, 0x00228800, 0x00228800, 0x00228800, 0x00228800, 0x00228800, 0x00228800,
    0x00228800, 0x00228800, 0x00228800, 0x00228800, 0x00228800, 0x00228800, 0x00228800, 0x00228800, 0x00228800, 0x00228800, 0x00228800, 0x00228800,
    0x00228800, 0x00228800, 0x00228800, 0x00228800, 0x00228800, 0x00228800, 0x00228800, 0x00228800, 0x00228800, 0x00228800, 0x00228800, 0x00228800,
    0x00228800, 0x00228800, 0x00228800, 0x00228800, 0x00228800, 0x00228800, 0x00228800, 0x00228800, 0x00228800, 0x00228800, 0x00155500, 0x00155500,
    0x00155600, 0x0096ED91, 0x00228800, 0x00155500, 0x0094E691, 0x00155500, 0x00228800, 0x0096ED91, 0x00155500, 0x00155500, 0x00155500, 0x00228800,
    0x00228800, 0x00228800, 0x00228800, 0x00228800, 0x00228800, 0x00228800, 0x00228800, 0x00228800, 0x00228800, 0x00228800, 0x00228800, 0x00228800,
    0x00228800, 0x00228800, 0x00228800, 0x00228800, 0x00228800, 0x00228800, 0x00228800, 0x00228800, 0x00228800, 0x00228800, 0x00228800, 0x00228800,
    0x00228800, 0x00228800, 0x00228800, 0x00228800, 0x00228800, 0x00228800, 0x00228800, 0x00228800, 0x00228800, 0x00228800, 0x00228800, 0x00228800,
    0x00228800, 0x00228800, 0x00228800, 0x00228800, 0x00228800, 0x00228800, 0x00228800, 0x00228800, 0x00228800, 0x00111111, 0x00111111, 0x00111111,
    0x000A0A0A, 0x00000000, 0x00000000, 0x00000000, 0xFF000000, 0xFF000000, 0xFF000000, 0xFF000000, 0xFF000000, 0xFF000000, 0xFF000000, 0xFF000000,
    0x00000000, 0x00000000, 0x00000000, 0x00000000, 0x00111111, 0x00111111, 0x00111111, 0x00228800, 0x00228800, 0x00228800, 0x00228800, 0x00228800,
    0x00228800, 0x00228800, 0x00228800, 0x00228800, 0x00228800, 0x00228800, 0x00228800, 0x00228800, 0x00228800, 0x00228800, 0x00228800, 0x00228800,
    0x00228800, 0x00228800, 0x00228800, 0x00228800, 0x00228800, 0x00228800, 0x00228800, 0x00228800, 0x00228800, 0x00228800, 0x00228800, 0x00228800,
    0x00228800, 0x00228800, 0x00228800, 0x00228800, 0x00228800, 0x00228800, 0x00228800, 0x00228800, 0x00228800, 0x00228800, 0x00228800, 0x00228800,
    0x00228800, 0x00228800, 0x00228800, 0x00228800, 0x001C7200, 0x00155500, 0x00155500, 0x00228800, 0x00228800, 0x0096ED91, 0x00228800, 0x00155500,
    0x0094E691, 0x00155500, 0x00228800, 0x0096ED91, 0x00228800, 0x001E7700, 0x00155500, 0x00155500, 0x00228800, 0x00228800, 0x00228800, 0x00228800,
    0x00228800, 0x00228800, 0x00228800, 0x00228800, 0x00228800, 0x00228800, 0x00228800, 0x00228800, 0x00228800, 0x00228800, 0x00228800, 0x00228800,
    0x00228800, 0x00228800, 0x00228800, 0x00228800, 0x00228800, 0x00228800, 0x00228800, 0x00228800, 0x00228800, 0x00228800, 0x00228800, 0x00228800,
    0x00228800, 0x00228800, 0x00228800, 0x00228800, 0x00228800, 0x00228800, 0x00228800, 0x00228800, 0x00228800, 0x00228800, 0x00228800, 0x00228800,
    0x00228800, 0x00228800, 0x00228800, 0x00228800, 0x00228800, 0x00183E0B, 0x00111111, 0x00111111, 0x00111111, 0x00000000, 0x00000000, 0x00000000,
    0x00000000, 0xFF000000, 0xFF000000, 0xFF000000, 0xFF000000, 0xFF000000, 0xFF000000, 0xFF000000, 0x00000000, 0x00000000, 0x00000000, 0x00000000,
    0x00111111, 0x00111111, 0x00111111, 0x00228800, 0x00228800, 0x00228800, 0x00228800, 0x00228800, 0x00228800, 0x00228800, 0x00228800, 0x00228800,
    0x00228800, 0x00228800, 0x00228800, 0x00228800, 0x00228800, 0x00228800, 0x00228800, 0x00228800, 0x00228800, 0x00228800, 0x00228800, 0x00228800,
    0x00228800, 0x00228800, 0x00228800, 0x00228800, 0x00228800, 0x00228800, 0x00228800, 0x00228800, 0x00228800, 0x00228800, 0x00228800, 0x00228800,
    0x00228800, 0x00228800, 0x00228800, 0x00228800, 0x00228800, 0x00228800, 0x00228800, 0x00228800, 0x00228800, 0x00228800, 0x00228800, 0x00155500,
    0x00155500, 0x00155500, 0x00228800, 0x00228800, 0x00228800, 0x0096ED91, 0x00228800, 0x00155500, 0x0094E691, 0x00155500, 0x00228800, 0x0096ED91,
    0x00228800, 0x00228800, 0x00228800, 0x00155500, 0x00155500, 0x00165800, 0x00228800, 0x00228800, 0x00228800, 0x00228800, 0x00228800, 0x00228800,
    0x00228800, 0x00228800, 0x00228800, 0x00228800, 0x00228800, 0x00228800, 0x00228800, 0x00228800, 0x00228800, 0x00228800, 0x00228800, 0x00228800,
    0x00228800, 0x00228800, 0x00228800, 0x00228800, 0x00228800, 0x00228800, 0x00228800, 0x00228800, 0x00228800, 0x00228800, 0x00228800, 0x00228800,
    0x00228800, 0x00228800, 0x00228800, 0x00228800, 0x00228800, 0x00228800, 0x00228800, 0x00228800, 0x00228800, 0x00228800, 0x00228800, 0x00228800,
    0x00228800, 0x00228800, 0x00111111, 0x00111111, 0x00111111, 0x00000000, 0x00000000, 0x00000000, 0x00000000, 0xFF000000, 0xFF000000, 0xFF000000,
    0xFF000000, 0xFF000000, 0xFF000000, 0xFF000000, 0x00000000, 0x00000000, 0x00000000, 0x00111111, 0x00111111, 0x00111111, 0x00111111, 0x00228800,
    0x00228800, 0x00228800, 0x00228800, 0x00228800, 0x00228800, 0x00228800, 0x00228800, 0x00228800, 0x00228800, 0x00228800, 0x00228800, 0x00228800,
    0x00228800, 0x00228800, 0x00228800, 0x00228800, 0x00228800, 0x00228800, 0x00228800, 0x00228800, 0x00228800, 0x00228800, 0x00228800, 0x00228800,
    0x00228800, 0x00228800, 0x00228800, 0x00228800, 0x00228800, 0x00228800, 0x00228800, 0x00228800, 0x00228800, 0x00228800, 0x00228800, 0x00228800,
    0x00228800, 0x00228800, 0x00228800, 0x00228800, 0x00228800, 0x00228800, 0x00155500, 0x00155500, 0x001C6F00, 0x00228800, 0x00228800, 0x00228800,
    0x00228800, 0x0096ED91, 0x00228800, 0x00155500, 0x0094E691, 0x00155500, 0x00228800, 0x0096ED91, 0x00228800, 0x00228800, 0x00228800, 0x00228800,
    0x00155700, 0x00155500, 0x00155500, 0x00228800, 0x00228800, 0x00228800, 0x00228800, 0x00228800, 0x00228800, 0x00228800, 0x00228800, 0x00228800,
    0x00228800, 0x00228800, 0x00228800, 0x00228800, 0x00228800, 0x00228800, 0x00228800, 0x00228800, 0x00228800, 0x00228800, 0x00228800, 0x00228800,
    0x00228800, 0x00228800, 0x00228800, 0x00228800, 0x00228800, 0x00228800, 0x00228800, 0x00228800, 0x00228800, 0x00228800, 0x00228800, 0x00228800,
    0x00228800, 0x00228800, 0x00228800, 0x00228800, 0x00228800, 0x00228800, 0x00228800, 0x00228800, 0x00228800, 0x00228800, 0x00111111, 0x00111111,
    0x00111111, 0x00030303, 0x00000000, 0x00000000, 0x00000000, 0xFF000000, 0xFF000000, 0xFF000000, 0xFF000000, 0xFF000000, 0xFF000000, 0xFF000000,
    0x00000000, 0x00000000, 0x00000000, 0x00111111, 0x00111111, 0x00111111, 0x00218301, 0x00228800, 0x00228800, 0x00228800, 0x00228800, 0x00228800,
    0x00228800, 0x00228800, 0x00228800, 0x00228800, 0x00228800, 0x00228800, 0x00228800, 0x00228800, 0x00228800, 0x00228800, 0x00228800, 0x00228800,
    0x00228800, 0x00228800, 0x00228800, 0x00228800, 0x00228800, 0x00228800, 0x00228800, 0x00228800, 0x00228800, 0x00228800, 0x00228800, 0x00228800,
    0x00228800, 0x00228800, 0x00228800, 0x00228800, 0x00228800, 0x00228800, 0x00228800, 0x00228800, 0x00228800, 0x00228800, 0x00228800, 0x00228800,
    0x001B6B00, 0x00155500, 0x00155500, 0x00228800, 0x00228800, 0x00228800, 0x00228800, 0x00228800, 0x00228800, 0x0096ED91, 0x00228800, 0x00155500,
    0x0094E691, 0x00155500, 0x00228800, 0x0096ED91, 0x00228800, 0x00228800, 0x00228800, 0x00228800, 0x00228800, 0x00228700, 0x00155500, 0x00155500,
    0x00228600, 0x00228800, 0x00228800, 0x00228800, 0x00228800, 0x00228800, 0x00228800, 0x00228800, 0x00228800, 0x00228800, 0x00228800, 0x00228800,
    0x00228800, 0x00228800, 0x00228800, 0x00228800, 0x00228800, 0x00228800, 0x00228800, 0x00228800, 0x00228800, 0x00228800, 0x00228800, 0x00228800,
    0x00228800, 0x00228800, 0x00228800, 0x00228800, 0x00228800, 0x00228800, 0x00228800, 0x00228800, 0x00228800, 0x00228800, 0x00228800, 0x00228800,
    0x00228800, 0x00228800, 0x00228800, 0x00228800, 0x00228800, 0x00228800, 0x00121311, 0x00111111, 0x00111111, 0x00111111, 0x00000000, 0x00000000,
    0x00000000, 0xFF000000, 0xFF000000, 0xFF000000, 0xFF000000, 0xFF000000, 0xFF000000, 0x00000000, 0x00000000, 0x00000000, 0x00000000, 0x00111111,
    0x00111111, 0x00111111, 0x00228800, 0x00228800, 0x00228800, 0x00228800, 0x00228800, 0x00228800, 0x00228800, 0x00228800, 0x00228800, 0x00228800,
    0x00228800, 0x00228800, 0x00228800, 0x00228800, 0x00228800, 0x00228800, 0x00228800, 0x00228800, 0x00228800, 0x00228800, 0x00228800, 0x00228800,
    0x00228800, 0x00228800, 0x00228800, 0x00228800, 0x00228800, 0x00228800, 0x00228800, 0x00228800, 0x00228800, 0x00228800, 0x00228800, 0x00228800,
    0x00228800, 0x00228800, 0x00228800, 0x00228800, 0x00228800, 0x00228800, 0x00228800, 0x00155500, 0x00155500, 0x00155500, 0x00228800, 0x00228800,
    0x00228800, 0x00228800, 0x00228800, 0x00228800, 0x00228800, 0x0096ED91, 0x00228800, 0x00155500, 0x0094E691, 0x00155500, 0x00228800, 0x0096ED91,
    0x00228800, 0x00228800, 0x00228800, 0x00228800, 0x00228800, 0x00228800, 0x00228800, 0x00155500, 0x00155500, 0x00175A00, 0x00228800, 0x00228800,
    0x00228800, 0x00228800, 0x00228800, 0x00228800, 0x00228800, 0x00228800, 0x00228800, 0x00228800, 0x00228800, 0x00228800, 0x00228800, 0x00228800,
    0x00228800, 0x00228800, 0x00228800, 0x00228800, 0x00228800, 0x00228800, 0x00228800, 0x00228800, 0x00228800, 0x00228800, 0x00228800, 0x00228800,
    0x00228800, 0x00228800, 0x00228800, 0x00228800, 0x00228800, 0x00228800, 0x00228800, 0x00228800, 0x00228800, 0x00228800, 0x00228800, 0x00228800,
    0x00228800, 0x00228800, 0x00228800, 0x00111111, 0x00111111, 0x00111111, 0x00000000, 0x00000000, 0x00000000, 0x00000000, 0xFF000000, 0xFF000000,
    0xFF000000, 0xFF000000, 0xFF000000, 0x00000000, 0x00000000, 0x00000000, 0x00000000, 0x00111111, 0x00111111, 0x00111111, 0x00228800, 0x00228800,
    0x00228800, 0x00228800, 0x00228800, 0x00228800, 0x00228800, 0x00228800, 0x00228800, 0x00228800, 0x00228800, 0x00228800, 0x00228800, 0x00228800,
    0x00228800, 0x00228800, 0x00228800, 0x00228800, 0x00228800, 0x00228800, 0x00228800, 0x00228800, 0x00228800, 0x00228800, 0x00228800, 0x00228800,
    0x00228800, 0x00228800, 0x00228800, 0x00228800, 0x00228800, 0x00228800, 0x00228800, 0x00228800, 0x00228800, 0x00228800, 0x00228800, 0x00228800,
    0x00228800, 0x00228800, 0x00155500, 0x00155500, 0x001B6C00, 0x00228800, 0x00228800, 0x00228800, 0x00228800, 0x00228800, 0x00228800, 0x00228800,
    0x00228800, 0x0096ED91, 0x00228800, 0x00155500, 0x0094E691, 0x00155500, 0x00228800, 0x0096ED91, 0x00228800, 0x00228800, 0x00228800, 0x00228800,
    0x00228800, 0x00228800, 0x00228800, 0x00228800, 0x00155600, 0x00155500, 0x00155500, 0x00228800, 0x00228800, 0x00228800, 0x00228800, 0x00228800,
    0x00228800, 0x00228800, 0x00228800, 0x00228800, 0x00228800, 0x00228800, 0x00228800, 0x00228800, 0x00228800, 0x00228800, 0x00228800, 0x00228800,
    0x00228800, 0x00228800, 0x00228800, 0x00228800, 0x00228800, 0x00228800, 0x00228800, 0x00228800, 0x00228800, 0x00228800, 0x00228800, 0x00228800,
    0x00228800, 0x00228800, 0x00228800, 0x00228800, 0x00228800, 0x00228800, 0x00228800, 0x00228800, 0x00228800, 0x00228800, 0x00228800, 0x00111111,
    0x00111111, 0x00111111, 0x00000000, 0x00000000, 0x00000000, 0x00000000, 0xFF000000, 0xFF000000, 0xFF000000, 0xFF000000, 0xFF000000, 0x00000000,
    0x00000000, 0x00000000, 0x00111111, 0x00111111, 0x00111111, 0x00111111, 0x00228800, 0x00228800, 0x00228800, 0x00228800, 0x00228800, 0x00228800,
    0x00228800, 0x00228800, 0x00228800, 0x00228800, 0x00228800, 0x00228800, 0x00228800, 0x00228800, 0x00228800, 0x00228800, 0x00228800, 0x00228800,
    0x00228800, 0x00228800, 0x00228800, 0x00228800, 0x00228800, 0x00228800, 0x00228800, 0x00228800, 0x00228800, 0x00228800, 0x00228800, 0x00228800,
    0x00228800, 0x00228800, 0x00228800, 0x00228800, 0x00228800, 0x00228800, 0x00228800, 0x00228800, 0x00228600, 0x00155500, 0x00155500, 0x00228800,
    0x00228800, 0x00228800, 0x00228800, 0x00228800, 0x00228800, 0x00228800, 0x00228800, 0x00228800, 0x00228800, 0x0096ED91, 0x00228800, 0x00155500,
    0x0094E691, 0x00155500, 0x00228800, 0x0096ED91, 0x00228800, 0x00228800, 0x00228800, 0x00228800, 0x00228800, 0x00228800, 0x00228800, 0x00228800,
    0x00228800, 0x001F7E00, 0x00155500, 0x00155500, 0x00228800, 0x00228800, 0x00228800, 0x00228800, 0x00228800, 0x00228800, 0x00228800, 0x00228800,
    0x00228800, 0x00228800, 0x00228800, 0x00228800, 0x00228800, 0x00228800, 0x00228800, 0x00228800, 0x00228800, 0x00228800, 0x00228800, 0x00228800,
    0x00228800, 0x00228800, 0x00228800, 0x00228800, 0x00228800, 0x00228800, 0x00228800, 0x00228800, 0x00228800, 0x00228800, 0x00228800, 0x00228800,
    0x00228800, 0x00228800, 0x00228800, 0x00228800, 0x00228800, 0x00228800, 0x00228800, 0x00111111, 0x00111111, 0x00111111, 0x00010101, 0x00000000,
    0x00000000, 0x00000000, 0xFF000000, 0xFF000000, 0xFF000000, 0xFF000000, 0xFF000000, 0x00000000, 0x00000000, 0x00000000, 0x00111111, 0x00111111,
    0x00111111, 0x001D6305, 0x00228800, 0x00228800, 0x00228800, 0x00228800, 0x00228800, 0x00228800, 0x00228800, 0x00228800, 0x00228800, 0x00228800,
    0x00228800, 0x00228800, 0x00228800, 0x00228800, 0x00228800, 0x00228800, 0x00228800, 0x00228800, 0x00228800, 0x00228800, 0x00228800, 0x00228800,
    0x00228800, 0x00228800, 0x00228800, 0x00228800, 0x00228800, 0x00228800, 0x00228800, 0x00228800, 0x00228800, 0x00228800, 0x00228800, 0x00228800,
    0x00228800, 0x00228800, 0x00228800, 0x00196200, 0x00155500, 0x00155500, 0x00228800, 0x00228800, 0x00228800, 0x00228800, 0x00228800, 0x00228800,
    0x00228800, 0x00228800, 0x00228800, 0x00228800, 0x00228800, 0x0096ED91, 0x00228800, 0x00155500, 0x0094E691, 0x00155500, 0x00228800, 0x0096ED91,
    0x00228800, 0x00228800, 0x00228800, 0x00228800, 0x00228800, 0x00228800, 0x00228800, 0x00228800, 0x00228800, 0x00228800, 0x00228800, 0x00155500,
    0x00155500, 0x00218400, 0x00228800, 0x00228800, 0x00228800, 0x00228800, 0x00228800, 0x00228800, 0x00228800, 0x00228800, 0x00228800, 0x00228800,
    0x00228800, 0x00228800, 0x00228800, 0x00228800, 0x00228800, 0x00228800, 0x00228800, 0x00228800, 0x00228800, 0x00228800, 0x00228800, 0x00228800,
    0x00228800, 0x00228800, 0x00228800, 0x00228800, 0x00228800, 0x00228800, 0x00228800, 0x00228800, 0x00228800, 0x00228800, 0x00228800, 0x00228800,
    0x00228800, 0x00228800, 0x00228800, 0x00111111, 0x00111111, 0x00111111, 0x00101010, 0x00000000, 0x00000000, 0x00000000, 0xFF000000, 0xFF000000,
    0xFF000000, 0xFF000000, 0xFF000000, 0x00000000, 0x00000000, 0x00000000, 0x00111111, 0x00111111, 0x00111111, 0x00228800, 0x00228800, 0x00228800,
    0x00228800, 0x00228800, 0x00228800, 0x00228800, 0x00228800, 0x00228800, 0x00228800, 0x00228800, 0x00228800, 0x00228800, 0x00228800, 0x00228800,
    0x00228800, 0x00228800, 0x00228800, 0x00228800, 0x00228800, 0x00228800, 0x00228800, 0x00228800, 0x00228800, 0x00228800, 0x00228800, 0x00228800,
    0x00228800, 0x00228800, 0x00228800, 0x00228800, 0x00228800, 0x00228800, 0x00228800, 0x00228800, 0x00228800, 0x00228800, 0x00155500, 0x00155500,
    0x00155500, 0x00228800, 0x00228800, 0x00228800, 0x00228800, 0x00228800, 0x00228800, 0x00228800, 0x00228800, 0x00228800, 0x00228800, 0x00228800,
    0x00228800, 0x0096ED91, 0x00228800, 0x00155500, 0x0094E691, 0x00155500, 0x00228800, 0x0096ED91, 0x00228800, 0x00228800, 0x00228800, 0x00228800,
    0x00228800, 0x00228800, 0x00228800, 0x00228800, 0x00228800, 0x00228800, 0x00228800, 0x00228800, 0x00155500, 0x00155500, 0x00186300, 0x00228800,
    0x00228800, 0x00228800, 0x00228800, 0x00228800, 0x00228800, 0x00228800, 0x00228800, 0x00228800, 0x00228800, 0x00228800, 0x00228800, 0x00228800,
    0x00228800, 0x00228800, 0x00228800, 0x00228800, 0x00228800, 0x00228800, 0x00228800, 0x00228800, 0x00228800, 0x00228800, 0x00228800, 0x00228800,
    0x00228800, 0x00228800, 0x00228800, 0x00228800, 0x00228800, 0x00228800, 0x00228800, 0x00228800, 0x00228800, 0x00228800, 0x00228800, 0x001B5B06,
    0x00111111, 0x00111111, 0x00111111, 0x00000000, 0x00000000, 0x00000000, 0xFF000000, 0xFF000000, 0xFF000000, 0xFF000000, 0x00000000, 0x00000000,
    0x00000000, 0x00000000, 0x00111111, 0x00111111, 0x00111111, 0x00228800, 0x00228800, 0x00228800, 0x00228800, 0x00228800, 0x00228800, 0x00228800,
    0x00228800, 0x00228800, 0x00228800, 0x00228800, 0x00228800, 0x00228800, 0x00228800, 0x00228800, 0x00228800, 0x00228800, 0x00228800, 0x00228800,
    0x00228800, 0x00228800, 0x00228800, 0x00228800, 0x00228800, 0x00228800, 0x00228800, 0x00228800, 0x00228800, 0x00228800, 0x00228800, 0x00228800,
    0x00228800, 0x00228800, 0x00228800, 0x00228800, 0x00228800, 0x00155500, 0x00155500, 0x00196600, 0x00228800, 0x00228800, 0x00228800, 0x00228800,
    0x00228800, 0x00228800, 0x00228800, 0x00228800, 0x00228800, 0x00228800, 0x00228800, 0x00228800, 0x00228800, 0x0096ED91, 0x00228800, 0x00155500,
    0x0094E691, 0x00155500, 0x00228800, 0x0096ED91, 0x00228800, 0x00228800, 0x00228800, 0x00228800, 0x00228800, 0x00228800, 0x00228800, 0x00228800,
    0x00228800, 0x00228800, 0x00228800, 0x00228800, 0x00228800, 0x00155500, 0x00155500, 0x00155500, 0x00228800, 0x00228800, 0x00228800, 0x00228800,
    0x00228800, 0x00228800, 0x00228800, 0x00228800, 0x00228800, 0x00228800, 0x00228800, 0x00228800, 0x00228800, 0x00228800, 0x00228800, 0x00228800,
    0x00228800, 0x00228800, 0x00228800, 0x00228800, 0x00228800, 0x00228800, 0x00228800, 0x00228800, 0x00228800, 0x00228800, 0x00228800, 0x00228800,
    0x00228800, 0x00228800, 0x00228800, 0x00228800, 0x00228800, 0x00228800, 0x00228800, 0x00228800, 0x00111111, 0x00111111, 0x00111111, 0x00000000,
    0x00000000, 0x00000000, 0x00000000, 0xFF000000, 0xFF000000, 0xFF000000, 0x00000000, 0x00000000, 0x00000000, 0x00000000, 0x00111111, 0x00111111,
    0x00111111, 0x00228800, 0x00228800, 0x00228800, 0x00228800, 0x00228800, 0x00228800, 0x00228800, 0x00228800, 0x00228800, 0x00228800, 0x00228800,
    0x00228800, 0x00228800, 0x00228800, 0x00228800, 0x00228800, 0x00228800, 0x00228800, 0x00228800, 0x00228800, 0x00228800, 0x00228800, 0x00228800,
    0x00228800, 0x00228800, 0x00228800, 0x00228800, 0x00228800, 0x00228800, 0x00228800, 0x00228800, 0x00228800, 0x00228800, 0x00228800, 0x00228800,
    0x00155500, 0x00155500, 0x00218400, 0x00228800, 0x00228800, 0x00228800, 0x00228800, 0x00228800, 0x00228800, 0x00228800, 0x00228800, 0x00228800,
    0x00228800, 0x00228800, 0x00228800, 0x00228800, 0x00228800, 0x0096ED91, 0x00228800, 0x00155500, 0x0094E691, 0x00155500, 0x00228800, 0x0096ED91,
    0x00228800, 0x00228800, 0x00228800, 0x00228800, 0x00228800, 0x00228800, 0x00228800, 0x00228800, 0x00228800, 0x00228800, 0x00228800, 0x00228800,
    0x00228800, 0x00228800, 0x00186300, 0x00155500, 0x00155500, 0x00228800, 0x00228800, 0x00228800, 0x00228800, 0x00228800, 0x00228800, 0x00228800,
    0x00228800, 0x00228800, 0x00228800, 0x00228800, 0x00228800, 0x00228800, 0x00228800, 0x00228800, 0x00228800, 0x00228800, 0x00228800, 0x00228800,
    0x00228800, 0x00228800, 0x00228800, 0x00228800, 0x00228800, 0x00228800, 0x00228800, 0x00228800, 0x00228800, 0x00228800, 0x00228800, 0x00228800,
    0x00228800, 0x00228800, 0x00228800, 0x00228800, 0x00111111, 0x00111111, 0x00111111, 0x00000000, 0x00000000, 0x00000000, 0x00000000, 0xFF000000,
    0xFF000000, 0xFF000000, 0x00000000, 0x00000000, 0x00000000, 0x00000000, 0x00111111, 0x00111111, 0x00111111, 0x00228800, 0x00228800, 0x00228800,
    0x00228800, 0x00228800, 0x00228800, 0x00228800, 0x00228800, 0x00228800, 0x00228800, 0x00228800, 0x00228800, 0x00228800, 0x00228800, 0x00228800,
    0x00228800, 0x00228800, 0x00228800, 0x00228800, 0x00228800, 0x00228800, 0x00228800, 0x00228800, 0x00228800, 0x00228800, 0x00228800, 0x00228800,
    0x00228800, 0x00228800, 0x00228800, 0x00228800, 0x00228800, 0x00228800, 0x00228800, 0x00155500, 0x00155500, 0x00228800, 0x00228800, 0x00228800,
    0x00228800, 0x00228800, 0x00228800, 0x00228800, 0x00228800, 0x00228800, 0x00228800, 0x00228800, 0x00228800, 0x00228800, 0x00228800, 0x00228800,
    0x00228800, 0x0096ED91, 0x00228800, 0x00155500, 0x0094E691, 0x00155500, 0x00228800, 0x0096ED91, 0x00228800, 0x00228800, 0x00228800, 0x00228800,
    0x00228800, 0x00228800, 0x00228800, 0x00228800, 0x00228800, 0x00228800, 0x00228800, 0x00228800, 0x00228800, 0x00228800, 0x00228800, 0x00207F00,
    0x00155500, 0x00155500, 0x00228800, 0x00228800, 0x00228800, 0x00228800, 0x00228800, 0x00228800, 0x00228800, 0x00228800, 0x00228800, 0x00228800,
    0x00228800, 0x00228800, 0x00228800, 0x00228800, 0x00228800, 0x00228800, 0x00228800, 0x00228800, 0x00228800, 0x00228800, 0x00228800, 0x00228800,
    0x00228800, 0x00228800, 0x00228800, 0x00228800, 0x00228800, 0x00228800, 0x00228800, 0x00228800, 0x00228800, 0x00228800, 0x00228800, 0x00228800,
    0x00111111, 0x00111111, 0x00111111, 0x00000000, 0x00000000, 0x00000000, 0x00000000, 0xFF000000, 0xFF000000, 0xFF000000, 0x00000000, 0x00000000,
    0x00000000, 0x00090909, 0x00111111, 0x00111111, 0x00111111, 0x00228800, 0x00228800, 0x00228800, 0x00228800, 0x00228800, 0x00228800, 0x00228800,
    0x00228800, 0x00228800, 0x00228800, 0x00228800, 0x00228800, 0x00228800, 0x00228800, 0x00228800, 0x00228800, 0x00228800, 0x00228800, 0x00228800,
    0x00228800, 0x00228800, 0x00228800, 0x00228800, 0x00228800, 0x00228800, 0x00228800, 0x00228800, 0x00228800, 0x00228800, 0x00228800, 0x00228800,
    0x00228800, 0x00228800, 0x00155500, 0x00155500, 0x00228800, 0x00228800, 0x00228800, 0x00228800, 0x00228800, 0x00228800, 0x00228800, 0x00228800,
    0x00228800, 0x00228800, 0x00228800, 0x00228800, 0x00228800, 0x00228800, 0x00228800, 0x00228800, 0x00228800, 0x0096ED91, 0x00228800, 0x00155500,
    0x0094E691, 0x00155500, 0x00228800, 0x0096ED91, 0x00228800, 0x00228800, 0x00228800, 0x00228800, 0x00228800, 0x00228800, 0x00228800, 0x00228800,
    0x00228800, 0x00228800, 0x00228800, 0x00228800, 0x00228800, 0x00228800, 0x00228800, 0x00228800, 0x00228800, 0x00155500, 0x00155500, 0x00228800,
    0x00228800, 0x00228800, 0x00228800, 0x00228800, 0x00228800, 0x00228800, 0x00228800, 0x00228800, 0x00228800, 0x00228800, 0x00228800, 0x00228800,
    0x00228800, 0x00228800, 0x00228800, 0x00228800, 0x00228800, 0x00228800, 0x00228800, 0x00228800, 0x00228800, 0x00228800, 0x00228800, 0x00228800,
    0x00228800, 0x00228800, 0x00228800, 0x00228800, 0x00228800, 0x00228800, 0x00228800, 0x00228800, 0x00111111, 0x00111111, 0x00111111, 0x00000000,
    0x00000000, 0x00000000, 0x00000000, 0xFF000000, 0xFF000000, 0xFF000000, 0x00000000, 0x00000000, 0x00000000, 0x00111111, 0x00111111, 0x00111111,
    0x00111111, 0x00228800, 0x00228800, 0x00228800, 0x00228800, 0x00228800, 0x00228800, 0x00228800, 0x00228800, 0x00228800, 0x00228800, 0x00228800,
    0x00228800, 0x00228800, 0x00228800, 0x00228800, 0x00228800, 0x00228800, 0x00228800, 0x00228800, 0x00228800, 0x00228800, 0x00228800, 0x00228800,
    0x00228800, 0x00228800, 0x00228800, 0x00228800, 0x00228800, 0x00228800, 0x00228800, 0x00228800, 0x00228800, 0x00155500, 0x00155500, 0x00228800,
    0x00228800, 0x00228800, 0x00228800, 0x00228800, 0x00228800, 0x00228800, 0x00228800, 0x00228800, 0x00228800, 0x00228800, 0x00228800, 0x00228800,
    0x00228800, 0x00228800, 0x00228800, 0x00228800, 0x00228800, 0x0096ED91, 0x00228800, 0x00155500, 0x0094E691, 0x00155500, 0x00228800, 0x0096ED91,
    0x00228800, 0x00228800, 0x00228800, 0x00228800, 0x00228800, 0x00228800, 0x00228800, 0x00228800, 0x00228800, 0x00228800, 0x00228800, 0x00228800,
    0x00228800, 0x00228800, 0x00228800, 0x00228800, 0x00228800, 0x00228800, 0x00155500, 0x00155500, 0x00228800, 0x00228800, 0x00228800, 0x00228800,
    0x00228800, 0x00228800, 0x00228800, 0x00228800, 0x00228800, 0x00228800, 0x00228800, 0x00228800, 0x00228800, 0x00228800, 0x00228800, 0x00228800,
    0x00228800, 0x00228800, 0x00228800, 0x00228800, 0x00228800, 0x00228800, 0x00228800, 0x00228800, 0x00228800, 0x00228800, 0x00228800, 0x00228800,
    0x00228800, 0x00228800, 0x00228800, 0x00228800, 0x00111111, 0x00111111, 0x00111111, 0x00000000, 0x00000000, 0x00000000, 0x00000000, 0xFF000000,
    0xFF000000, 0xFF000000, 0x00000000, 0x00000000, 0x00000000, 0x00111111, 0x00111111, 0x00111111, 0x0016370B, 0x00228800, 0x00228800, 0x00228800,
    0x00228800, 0x00228800, 0x00228800, 0x00228800, 0x00228800, 0x00228800, 0x00228800, 0x00228800, 0x00228800, 0x00228800, 0x00228800, 0x00228800,
    0x00228800, 0x00228800, 0x00228800, 0x00228800, 0x00228800, 0x00228800, 0x00228800, 0x00228800, 0x00228800, 0x00228800, 0x00228800, 0x00228800,
    0x00228800, 0x00228800, 0x00228800, 0x00218700, 0x00155500, 0x00155500, 0x00228800, 0x00228800, 0x00228800, 0x00228800, 0x00228800, 0x00228800,
    0x00228800, 0x00228800, 0x00228800, 0x00228800, 0x00228800, 0x00228800, 0x00228800, 0x00228800, 0x00228800, 0x00228800, 0x00228800, 0x00228800,
    0x00228800, 0x0096ED91, 0x00228800, 0x00155500, 0x0094E691, 0x00155500, 0x00228800, 0x0096ED91, 0x00228800, 0x00228800, 0x00228800, 0x00228800,
    0x00228800, 0x00228800, 0x00228800, 0x00228800, 0x00228800, 0x00228800, 0x00228800, 0x00228800, 0x00228800, 0x00228800, 0x00228800, 0x00228800,
    0x00228800, 0x00228800, 0x00228800, 0x00155500, 0x00155500, 0x00228800, 0x00228800, 0x00228800, 0x00228800, 0x00228800, 0x00228800, 0x00228800,
    0x00228800, 0x00228800, 0x00228800, 0x00228800, 0x00228800, 0x00228800, 0x00228800, 0x00228800, 0x00228800, 0x00228800, 0x00228800, 0x00228800,
    0x00228800, 0x00228800, 0x00228800, 0x00228800, 0x00228800, 0x00228800, 0x00228800, 0x00228800, 0x00228800, 0x00228800, 0x00228800, 0x00228800,
    0x00111111, 0x00111111, 0x00111111, 0x00060606, 0x00000000, 0x00000000, 0x00000000, 0xFF000000, 0xFF000000, 0xFF000000, 0x00000000, 0x00000000,
    0x00000000, 0x00111111, 0x00111111, 0x00111111, 0x001B5C06, 0x00228800, 0x00228800, 0x00228800, 0x00228800, 0x00228800, 0x00228800, 0x00228800,
    0x00228800, 0x00228800, 0x00228800, 0x00228800, 0x00228800, 0x00228800, 0x00228800, 0x00228800, 0x00228800, 0x00228800, 0x00228800, 0x00228800,
    0x00228800, 0x00228800, 0x00228800, 0x00228800, 0x00228800, 0x00228800, 0x00228800, 0x00228800, 0x00228800, 0x00228800, 0x00218700, 0x00155500,
    0x00155500, 0x00228800, 0x00228800, 0x00228800, 0x00228800, 0x00228800, 0x00228800, 0x00228800, 0x00228800, 0x00228800, 0x00228800, 0x00228800,
    0x00228800, 0x00228800, 0x00228800, 0x00228800, 0x00228800, 0x00228800, 0x00228800, 0x00228800, 0x00228800, 0x0096ED91, 0x00228800, 0x00155500,
    0x0094E691, 0x00155500, 0x00228800, 0x0096ED91, 0x00228800, 0x00228800, 0x00228800, 0x00228800, 0x00228800, 0x00228800, 0x00228800, 0x00228800,
    0x00228800, 0x00228800, 0x00228800, 0x00228800, 0x00228800, 0x00228800, 0x00228800, 0x00228800, 0x00228800, 0x00228800, 0x00228800, 0x00228800,
    0x00155500, 0x00155500, 0x00228800, 0x00228800, 0x00228800, 0x00228800, 0x00228800, 0x00228800, 0x00228800, 0x00228800, 0x00228800, 0x00228800,
    0x00228800, 0x00228800, 0x00228800, 0x00228800, 0x00228800, 0x00228800, 0x00228800, 0x00228800, 0x00228800, 0x00228800, 0x00228800, 0x00228800,
    0x00228800, 0x00228800, 0x00228800, 0x00228800, 0x00228800, 0x00228800, 0x00228800, 0x00228800, 0x00111111, 0x00111111, 0x00111111, 0x000B0B0B,
    0x00000000, 0x00000000, 0x00000000, 0xFF000000, 0xFF000000, 0xFF000000, 0x00000000, 0x00000000, 0x00000000, 0x00111111, 0x00111111, 0x00111111,
    0x001F7403, 0x00228800, 0x00228800, 0x00228800, 0x00228800, 0x00228800, 0x00228800, 0x00228800, 0x00228800, 0x00228800, 0x00228800, 0x00228800,
    0x00228800, 0x00228800, 0x00228800, 0x00228800, 0x00228800, 0x00228800, 0x00228800, 0x00228800, 0x00228800, 0x00228800, 0x00228800, 0x00228800,
    0x00228800, 0x00228800, 0x00228800, 0x00228800, 0x00228800, 0x00228800, 0x00155500, 0x00155500, 0x00228800, 0x00228800, 0x00228800, 0x00228800,
    0x00228800, 0x00228800, 0x00228800, 0x00228800, 0x00228800, 0x00228800, 0x00228800, 0x00228800, 0x00228800, 0x00228800, 0x00228800, 0x00228800,
    0x00228800, 0x00228800, 0x00228800, 0x00228800, 0x00228800, 0x0096ED91, 0x00228800, 0x00155500, 0x0094E691, 0x00155500, 0x00228800, 0x0096ED91,
    0x00228800, 0x00228800, 0x00228800, 0x00228800, 0x00228800, 0x00228800, 0x00228800, 0x00228800, 0x00228800, 0x00228800, 0x00228800, 0x00228800,
    0x00228800, 0x00228800, 0x00228800, 0x00228800, 0x00228800, 0x00228800, 0x00228800, 0x00228800, 0x00228800, 0x00155500, 0x00155500, 0x00228800,
    0x00228800, 0x00228800, 0x00228800, 0x00228800, 0x00228800, 0x00228800, 0x00228800, 0x00228800, 0x00228800, 0x00228800, 0x00228800, 0x00228800,
    0x00228800, 0x00228800, 0x00228800, 0x00228800, 0x00228800, 0x00228800, 0x00228800, 0x00228800, 0x00228800, 0x00228800, 0x00228800, 0x00228800,
    0x00228800, 0x00228800, 0x00228800, 0x00228800, 0x00111111, 0x00111111, 0x00111111, 0x000E0E0E, 0x00000000, 0x00000000, 0x00000000, 0xFF000000,
    0xFF000000, 0xFF000000, 0x00000000, 0x00000000, 0x00000000, 0x00111111, 0x00111111, 0x00111111, 0x00218201, 0x00228800, 0x00228800, 0x00228800,
    0x00228800, 0x00228800, 0x00228800, 0x00228800, 0x00228800, 0x00228800, 0x00228800, 0x00228800, 0x00228800, 0x00228800, 0x00228800, 0x00228800,
    0x00228800, 0x00228800, 0x00228800, 0x00228800, 0x00228800, 0x00228800, 0x00228800, 0x00228800, 0x00228800, 0x00228800, 0x00228800, 0x00228800,
    0x00228800, 0x00155500, 0x00155500, 0x00228800, 0x00228800, 0x00228800, 0x00228800, 0x00228800, 0x00228800, 0x00228800, 0x00228800, 0x00228800,
    0x00228800, 0x00228800, 0x00228800, 0x00228800, 0x00228800, 0x00228800, 0x00228800, 0x00228800, 0x00228800, 0x00228800, 0x00228800, 0x00228800,
    0x00228800, 0x0096ED91, 0x00228800, 0x00155500, 0x0094E691, 0x00155500, 0x00228800, 0x0096ED91, 0x00228800, 0x00228800, 0x00228800, 0x00228800,
    0x00228800, 0x00228800, 0x00228800, 0x00228800, 0x00228800, 0x00228800, 0x00228800, 0x00228800, 0x00228800, 0x00228800, 0x00228800, 0x00228800,
    0x00228800, 0x00228800, 0x00228800, 0x00228800, 0x00228800, 0x00228800, 0x00155500, 0x00155500, 0x00228800, 0x00228800, 0x00228800, 0x00228800,
    0x00228800, 0x00228800, 0x00228800, 0x00228800, 0x00228800, 0x00228800, 0x00228800, 0x00228800, 0x00228800, 0x00228800, 0x00228800, 0x00228800,
    0x00228800, 0x00228800, 0x00228800, 0x00228800, 0x00228800, 0x00228800, 0x00228800, 0x00228800, 0x00228800, 0x00228800, 0x00228800, 0x00228800,
    0x00111111, 0x00111111, 0x00111111, 0x00101010, 0x00000000, 0x00000000, 0x00000000, 0xFF000000, 0xFF000000, 0xFF000000, 0x00000000, 0x00000000,
    0x00000000, 0x00111111, 0x00111111, 0x00111111, 0x00228700, 0x00228800, 0x00228800, 0x00228800, 0x00228800, 0x00228800, 0x00228800, 0x00228800,
    0x00228800, 0x00228800, 0x00228800, 0x00228800, 0x00228800, 0x00228800, 0x00228800, 0x00228800, 0x00228800, 0x00228800, 0x00228800, 0x00228800,
    0x00228800, 0x00228800, 0x00228800, 0x00228800, 0x00228800, 0x00228800, 0x00228800, 0x00228800, 0x00155500, 0x00155500, 0x00228800, 0x00228800,
    0x00228800, 0x00228800, 0x00228800, 0x00228800, 0x00228800, 0x00228800, 0x00228800, 0x00228800, 0x00228800, 0x00228800, 0x00228800, 0x00228800,
    0x00228800, 0x00228800, 0x00228800, 0x00228800, 0x00228800, 0x00228800, 0x00228800, 0x00228800, 0x00228800, 0x0096ED91, 0x00228800, 0x00155500,
    0x0094E691, 0x00155500, 0x00228800, 0x0096ED91, 0x00228800, 0x00228800, 0x00228800, 0x00228800, 0x00228800, 0x00228800, 0x00228800, 0x00228800,
    0x00228800, 0x00228800, 0x00228800, 0x00228800, 0x00228800, 0x00228800, 0x00228800, 0x00228800, 0x00228800, 0x00228800, 0x00228800, 0x00228800,
    0x00228800, 0x00228800, 0x00228800, 0x00155500, 0x00155500, 0x00228800, 0x00228800, 0x00228800, 0x00228800, 0x00228800, 0x00228800, 0x00228800,
    0x00228800, 0x00228800, 0x00228800, 0x00228800, 0x00228800, 0x00228800, 0x00228800, 0x00228800, 0x00228800, 0x00228800, 0x00228800, 0x00228800,
    0x00228800, 0x00228800, 0x00228800, 0x00228800, 0x00228800, 0x00228800, 0x00228800, 0x00228800, 0x00111111, 0x00111111, 0x00111111, 0x00111111,
    0x00000000, 0x00000000, 0x00000000, 0xFF000000, 0xFF000000, 0xFF000000, 0x00000000, 0x00000000, 0x00000000, 0x00111111, 0x00111111, 0x00111111,
    0x00218001, 0x00228800, 0x00228800, 0x00228800, 0x00228800, 0x00228800, 0x00228800, 0x00228800, 0x00228800, 0x00228800, 0x00228800, 0x00228800,
    0x00228800, 0x00228800, 0x00228800, 0x00228800, 0x00228800, 0x00228800, 0x00228800, 0x00228800, 0x00228800, 0x00228800, 0x00228800, 0x00228800,
    0x00228800, 0x00228800, 0x00228800, 0x00155500, 0x00155500, 0x00228800, 0x00228800, 0x00228800, 0x00228800, 0x00228800, 0x00228800, 0x00228800,
    0x00228800, 0x00228800, 0x00228800, 0x00228800, 0x00228800, 0x00228800, 0x00228800, 0x00228800, 0x00228800, 0x00228800, 0x00228800, 0x00228800,
    0x00228800, 0x00228800, 0x00228800, 0x00228800, 0x00228800, 0x0096ED91, 0x00228800, 0x00155500, 0x0094E691, 0x00155500, 0x00228800, 0x0096ED91,
    0x00228800, 0x00228800, 0x00228800, 0x00228800, 0x00228800, 0x00228800, 0x00228800, 0x00228800, 0x00228800, 0x00228800, 0x00228800, 0x00228800,
    0x00228800, 0x00228800, 0x00228800, 0x00228800, 0x00228800, 0x00228800, 0x00228800, 0x00228800, 0x00228800, 0x00228800, 0x00228800, 0x00228800,
    0x00155500, 0x00155500, 0x00228800, 0x00228800, 0x00228800, 0x00228800, 0x00228800, 0x00228800, 0x00228800, 0x00228800, 0x00228800, 0x00228800,
    0x00228800, 0x00228800, 0x00228800, 0x00228800, 0x00228800, 0x00228800, 0x00228800, 0x00228800, 0x00228800, 0x00228800, 0x00228800, 0x00228800,
    0x00228800, 0x00228800, 0x00228800, 0x00228800, 0x00111111, 0x00111111, 0x00111111, 0x00101010, 0x00000000, 0x00000000, 0x00000000, 0xFF000000,
    0xFF000000, 0xFF000000, 0x00000000, 0x00000000, 0x00000000, 0x00111111, 0x00111111, 0x00111111, 0x001F7004, 0x00228800, 0x00228800, 0x00228800,
    0x00228800, 0x00228800, 0x00228800, 0x00228800, 0x00228800, 0x00228800, 0x00228800, 0x00228800, 0x00228800, 0x00228800, 0x00228800, 0x00228800,
    0x00228800, 0x00228800, 0x00228800, 0x00228800, 0x00228800, 0x00228800, 0x00228800, 0x00228800, 0x00228800, 0x00228800, 0x00228800, 0x00155500,
    0x00228800, 0x00228800, 0x00228800, 0x00228800, 0x00228800, 0x00228800, 0x00228800, 0x00228800, 0x00228800, 0x00228800, 0x00228800, 0x00228800,
    0x00228800, 0x00228800, 0x00228800, 0x00228800, 0x00228800, 0x00228800, 0x00228800, 0x00228800, 0x00228800, 0x00228800, 0x00228800, 0x00228800,
    0x00228800, 0x0096ED91, 0x00228800, 0x00155500, 0x0094E691, 0x00155500, 0x00228800, 0x0096ED91, 0x00228800, 0x00228800, 0x00228800, 0x00228800,
    0x00228800, 0x00228800, 0x00228800, 0x00228800, 0x00228800, 0x00228800, 0x00228800, 0x00228800, 0x00228800, 0x00228800, 0x00228800, 0x00228800,
    0x00228800, 0x00228800, 0x00228800, 0x00228800, 0x00228800, 0x00228800, 0x00228800, 0x00228800, 0x00207F00, 0x00155500, 0x00228800, 0x00228800,
    0x00228800, 0x00228800, 0x00228800, 0x00228800, 0x00228800, 0x00228800, 0x00228800, 0x00228800, 0x00228800, 0x00228800, 0x00228800, 0x00228800,
    0x00228800, 0x00228800, 0x00228800, 0x00228800, 0x00228800, 0x00228800, 0x00228800, 0x00228800, 0x00228800, 0x00228800, 0x00228800, 0x00228800,
    0x00111111, 0x00111111, 0x00111111, 0x000D0D0D, 0x00000000, 0x00000000, 0x00000000, 0xFF000000, 0xFF000000, 0xFF000000, 0x00000000, 0x00000000,
    0x00000000, 0x00111111, 0x00111111, 0x00111111, 0x001A5507, 0x00228800, 0x00228800, 0x00228800, 0x00228800, 0x00228800, 0x00228800, 0x00228800,
    0x00228800, 0x00228800, 0x00228800, 0x00228800, 0x00228800, 0x00228800, 0x00228800, 0x00228800, 0x00228800, 0x00228800, 0x00228800, 0x00228800,
    0x00228800, 0x00228800, 0x00228800, 0x00228800, 0x00228800, 0x00228800, 0x00228800, 0x00228800, 0x00228800, 0x00228800, 0x00228800, 0x00228800,
    0x00228800, 0x00228800, 0x00228800, 0x00228800, 0x00228800, 0x00228800, 0x00228800, 0x00228800, 0x00228800, 0x00228800, 0x00228800, 0x00228800,
    0x00228800, 0x00228800, 0x00228800, 0x00228800, 0x00228800, 0x00228800, 0x00228800, 0x00228800, 0x00228800, 0x0096ED91, 0x00228800, 0x00155500,
    0x0094E691, 0x00155500, 0x00228800, 0x0096ED91, 0x00228800, 0x00228800, 0x00228800, 0x00228800, 0x00228800, 0x00228800, 0x00228800, 0x00228800,
    0x00228800, 0x00228800, 0x00228800, 0x00228800, 0x00228800, 0x00228800, 0x00228800, 0x00228800, 0x00228800, 0x00228800, 0x00228800, 0x00228800,
    0x00228800, 0x00228800, 0x00228800, 0x00228800, 0x00228800, 0x00228800, 0x00228800, 0x00228800, 0x00228800, 0x00228800, 0x00228800, 0x00228800,
    0x00228800, 0x00228800, 0x00228800, 0x00228800, 0x00228800, 0x00228800, 0x00228800, 0x00228800, 0x00228800, 0x00228800, 0x00228800, 0x00228800,
    0x00228800, 0x00228800, 0x00228800, 0x00228800, 0x00228800, 0x00228800, 0x00228800, 0x00228800, 0x00111111, 0x00111111, 0x00111111, 0x000A0A0A,
    0x00000000, 0x00000000, 0x00000000, 0xFF000000, 0xFF000000, 0xFF000000, 0x00000000, 0x00000000, 0x00000000, 0x00111111, 0x00111111, 0x00111111,
    0x0016310D, 0x00228800, 0x00228800, 0x00228800, 0x00228800, 0x00228800, 0x00228800, 0x00228800, 0x00228800, 0x00228800, 0x00228800, 0x00228800,
    0x00228800, 0x00228800, 0x00228800, 0x00228800, 0x00228800, 0x00228800, 0x00228800, 0x00228800, 0x00228800, 0x00228800, 0x00228800, 0x00228800,
    0x00228800, 0x00228800, 0x00228800, 0x00228800, 0x00228800, 0x00228800, 0x00228800, 0x00228800, 0x00228800, 0x00228800, 0x00228800, 0x00228800,
    0x00228800, 0x00228800, 0x00228800, 0x00228800, 0x00228800, 0x00228800, 0x00228800, 0x00228800, 0x00228800, 0x00228800, 0x00228800, 0x00228800,
    0x00228800, 0x00228800, 0x00228800, 0x00228800, 0x00228800, 0x0096ED91, 0x00228800, 0x00155500, 0x0094E691, 0x00155500, 0x00228800, 0x0096ED91,
    0x00228800, 0x00228800, 0x00228800, 0x00228800, 0x00228800, 0x00228800, 0x00228800, 0x00228800, 0x00228800, 0x00228800, 0x00228800, 0x00228800,
    0x00228800, 0x00228800, 0x00228800, 0x00228800, 0x00228800, 0x00228800, 0x00228800, 0x00228800, 0x00228800, 0x00228800, 0x00228800, 0x00228800,
    0x00228800, 0x00228800, 0x00228800, 0x00228800, 0x00228800, 0x00228800, 0x00228800, 0x00228800, 0x00228800, 0x00228800, 0x00228800, 0x00228800,
    0x00228800, 0x00228800, 0x00228800, 0x00228800, 0x00228800, 0x00228800, 0x00228800, 0x00228800, 0x00228800, 0x00228800, 0x00228800, 0x00228800,
    0x00228800, 0x00228800, 0x00228800, 0x00228800, 0x00111111, 0x00111111, 0x00111111, 0x00050505, 0x00000000, 0x00000000, 0x00000000, 0xFF000000,
    0xFF000000, 0xFF000000, 0x00000000, 0x00000000, 0x00000000, 0x000F0F0F, 0x00111111, 0x00111111, 0x00111111, 0x00228800, 0x00228800, 0x00228800,
    0x00228800, 0x00228800, 0x00228800, 0x00228800, 0x00228800, 0x00228800, 0x00228800, 0x00228800, 0x00228800, 0x00228800, 0x00228800, 0x00228800,
    0x00228800, 0x00228800, 0x00228800, 0x00228800, 0x00228800, 0x00228800, 0x00228800, 0x00228800, 0x00228800, 0x00228800, 0x00228800, 0x00228800,
    0x00228800, 0x00228800, 0x00228800, 0x00228800, 0x00228800, 0x00228800, 0x00228800, 0x00228800, 0x00228800, 0x00228800, 0x00228800, 0x00228800,
    0x00228800, 0x00228800, 0x00228800, 0x00228800, 0x00228800, 0x00228800, 0x00228800, 0x00228800, 0x00228800, 0x00228800, 0x00228800, 0x00228800,
    0x00228800, 0x0096ED91, 0x00228800, 0x00155500, 0x0094E691, 0x00155500, 0x00228800, 0x0096ED91, 0x00228800, 0x00228800, 0x00228800, 0x00228800,
    0x00228800, 0x00228800, 0x00228800, 0x00228800, 0x00228800, 0x00228800, 0x00228800, 0x00228800, 0x00228800, 0x00228800, 0x00228800, 0x00228800,
    0x00228800, 0x00228800, 0x00228800, 0x00228800, 0x00228800, 0x00228800, 0x00228800, 0x00228800, 0x00228800, 0x00228800, 0x00228800, 0x00228800,
    0x00228800, 0x00228800, 0x00228800, 0x00228800, 0x00228800, 0x00228800, 0x00228800, 0x00228800, 0x00228800, 0x00228800, 0x00228800, 0x00228800,
    0x00228800, 0x00228800, 0x00228800, 0x00228800, 0x00228800, 0x00228800, 0x00228800, 0x00228800, 0x00228800, 0x00228800, 0x00228800, 0x00228800,
    0x00111111, 0x00111111, 0x00111111, 0x00000000, 0x00000000, 0x00000000, 0x00000000, 0xFF000000, 0xFF000000, 0xFF000000, 0x00000000, 0x00000000,
    0x00000000, 0x00080808, 0x00111111, 0x00111111, 0x00111111, 0x00228800, 0x00228800, 0x00228800, 0x00228800, 0x00228800, 0x00228800, 0x00228800,
    0x00228800, 0x00228800, 0x00228800, 0x00228800, 0x00228800, 0x00228800, 0x00228800, 0x00228800, 0x00228800, 0x00228800, 0x00228800, 0x00228800,
    0x00228800, 0x00228800, 0x00228800, 0x00228800, 0x00228800, 0x00228800, 0x00228800, 0x00228800, 0x00228800, 0x00228800, 0x00228800, 0x00228800,
    0x00228800, 0x00228800, 0x00228800, 0x00228800, 0x00228800, 0x00228800, 0x00228800, 0x00228800, 0x00228800, 0x00228800, 0x00228800, 0x00228800,
    0x00228800, 0x00228800, 0x00228800, 0x00228800, 0x00228800, 0x00228800, 0x00228800, 0x00228800, 0x00228800, 0x0096ED91, 0x00228800, 0x00155500,
    0x0094E691, 0x00155500, 0x00228800, 0x0096ED91, 0x00228800, 0x00228800, 0x00228800, 0x00228800, 0x00228800, 0x00228800, 0x00228800, 0x00228800,
    0x00228800, 0x00228800, 0x00228800, 0x00228800, 0x00228800, 0x00228800, 0x00228800, 0x00228800, 0x00228800, 0x00228800, 0x00228800, 0x00228800,
    0x00228800, 0x00228800, 0x00228800, 0x00228800, 0x00228800, 0x00228800, 0x00228800, 0x00228800, 0x00228800, 0x00228800, 0x00228800, 0x00228800,
    0x00228800, 0x00228800, 0x00228800, 0x00228800, 0x00228800, 0x00228800, 0x00228800, 0x00228800, 0x00228800, 0x00228800, 0x00228800, 0x00228800,
    0x00228800, 0x00228800, 0x00228800, 0x00228800, 0x00228800, 0x00228800, 0x00228800, 0x00228800, 0x00111111, 0x00111111, 0x00111111, 0x00000000,
    0x00000000, 0x00000000, 0x00000000, 0xFF000000, 0xFF000000, 0xFF000000, 0x00000000, 0x00000000, 0x00000000, 0x00000000, 0x00111111, 0x00111111,
    0x00111111, 0x00228800, 0x00228800, 0x00228800, 0x00228800, 0x00228800, 0x00228800, 0x00228800, 0x00228800, 0x00228800, 0x00228800, 0x00228800,
    0x00228800, 0x00228800, 0x00228800, 0x00228800, 0x00228800, 0x00228800, 0x00228800, 0x00228800, 0x00228800, 0x00228800, 0x00228800, 0x00228800,
    0x00228800, 0x00228800, 0x00228800, 0x00228800, 0x00228800, 0x00228800, 0x00228800, 0x00228800, 0x00228800, 0x00228800, 0x00228800, 0x00228800,
    0x00228800, 0x00228800, 0x00228800, 0x00228800, 0x00228800, 0x00228800, 0x00228800, 0x00228800, 0x00228800, 0x00228800, 0x00228800, 0x00228800,
    0x00228800, 0x00228800, 0x00228800, 0x00228800, 0x00228800, 0x0096ED91, 0x00155500, 0x00155500, 0x0094E691, 0x00155500, 0x00155600, 0x0096ED91,
    0x00228800, 0x00228800, 0x00228800, 0x00228800, 0x00228800, 0x00228800, 0x00228800, 0x00228800, 0x00228800, 0x00228800, 0x00228800, 0x00228800,
    0x00228800, 0x00228800, 0x00228800, 0x00228800, 0x00228800, 0x00228800, 0x00228800, 0x00228800, 0x00228800, 0x00228800, 0x00228800, 0x00228800,
    0x00228800, 0x00228800, 0x00228800, 0x00228800, 0x00228800, 0x00228800, 0x00228800, 0x00228800, 0x00228800, 0x00228800, 0x00228800, 0x00228800,
    0x00228800, 0x00228800, 0x00228800, 0x00228800, 0x00228800, 0x00228800, 0x00228800, 0x00228800, 0x00228800, 0x00228800, 0x00228800, 0x00228800,
    0x00228800, 0x00228800, 0x00228800, 0x00228800, 0x00111111, 0x00111111, 0x00111111, 0x00000000, 0x00000000, 0x00000000, 0x00000000, 0xFF000000,
    0xFF000000, 0xFF000000, 0x00000000, 0x00000000, 0x00000000, 0x00000000, 0x00111111, 0x00111111, 0x00111111, 0x00228800, 0x00228800, 0x00228800,
    0x00228800, 0x00228800, 0x00228800, 0x00228800, 0x00228800, 0x00228800, 0x00228800, 0x00228800, 0x00228800, 0x00228800, 0x00228800, 0x00228800,
    0x00228800, 0x00228800, 0x00228800, 0x00228800, 0x00228800, 0x00228800, 0x00228800, 0x00228800, 0x00228800, 0x00228800, 0x00228800, 0x00228800,
    0x00228800, 0x00228800, 0x00228800, 0x00228800, 0x00228800, 0x00228800, 0x00228800, 0x00228800, 0x00228800, 0x00228800, 0x00228800, 0x00228800,
    0x00228800, 0x00228800, 0x00228800, 0x00228800, 0x00228800, 0x00228800, 0x00228800, 0x00228800, 0x00228800, 0x00228800, 0x00228800, 0x00228800,
    0x00228800, 0x0094E691, 0x00155500, 0x00155500, 0x0094E691, 0x00155500, 0x00155500, 0x0094E691, 0x00228800, 0x00228800, 0x00228800, 0x00228800,
    0x00228800, 0x00228800, 0x00228800, 0x00228800, 0x00228800, 0x00228800, 0x00228800, 0x00228800, 0x00228800, 0x00228800, 0x00228800, 0x00228800,
    0x00228800, 0x00228800, 0x00228800, 0x00228800, 0x00228800, 0x00228800, 0x00228800, 0x00228800, 0x00228800, 0x00228800, 0x00228800, 0x00228800,
    0x00228800, 0x00228800, 0x00228800, 0x00228800, 0x00228800, 0x00228800, 0x00228800, 0x00228800, 0x00228800, 0x00228800, 0x00228800, 0x00228800,
    0x00228800, 0x00228800, 0x00228800, 0x00228800, 0x00228800, 0x00228800, 0x00228800, 0x00228800, 0x00228800, 0x00228800, 0x00228800, 0x00228800,
    0x00111111, 0x00111111, 0x00111111, 0x00000000, 0x00000000, 0x00000000, 0x00000000, 0xFF000000, 0xFF000000, 0xFF000000, 0x00000000, 0x00000000,
    0x00000000, 0x00000000, 0x00111111, 0x00111111, 0x00111111, 0x00228800, 0x00228800, 0x00228800, 0x00228800, 0x00228800, 0x00228800, 0x00228800,
    0x00228800, 0x00228800, 0x00228800, 0x00228800, 0x00228800, 0x00228800, 0x00228800, 0x00228800, 0x00228800, 0x00228800, 0x00228800, 0x00228800,
    0x00228800, 0x00228800, 0x00228800, 0x00228800, 0x00228800, 0x00228800, 0x00228800, 0x00228800, 0x00228800, 0x00228800, 0x00228800, 0x00228800,
    0x00228800, 0x00228800, 0x00228800, 0x00228800, 0x00228800, 0x00228800, 0x00228800, 0x00228800, 0x00228800, 0x00228800, 0x00228800, 0x00228800,
    0x00228800, 0x00228800, 0x00228800, 0x00228800, 0x00228800, 0x00228800, 0x00228800, 0x00196600, 0x00155500, 0x0094E691, 0x00228800, 0x00155500,
    0x0094E691, 0x00155500, 0x00228700, 0x0094E691, 0x00155500, 0x00218500, 0x00228800, 0x00228800, 0x00228800, 0x00228800, 0x00228800, 0x00228800,
    0x00228800, 0x00228800, 0x00228800, 0x00228800, 0x00228800, 0x00228800, 0x00228800, 0x00228800, 0x00228800, 0x00228800, 0x00228800, 0x00228800,
    0x00228800, 0x00228800, 0x00228800, 0x00228800, 0x00228800, 0x00228800, 0x00228800, 0x00228800, 0x00228800, 0x00228800, 0x00228800, 0x00228800,
    0x00228800, 0x00228800, 0x00228800, 0x00228800, 0x00228800, 0x00228800, 0x00228800, 0x00228800, 0x00228800, 0x00228800, 0x00228800, 0x00228800,
    0x00228800, 0x00228800, 0x00228800, 0x00228800, 0x00228800, 0x00228800, 0x00228800, 0x00228800, 0x00111111, 0x00111111, 0x00111111, 0x00000000,
    0x00000000, 0x00000000, 0x00000000, 0xFF000000, 0xFF000000, 0xFF000000, 0xFF000000, 0x00000000, 0x00000000, 0x00000000, 0x00111111, 0x00111111,
    0x00111111, 0x00228800, 0x00228800, 0x00228800, 0x00228800, 0x00228800, 0x00228800, 0x00228800, 0x00228800, 0x00228800, 0x00228800, 0x00228800,
    0x00228800, 0x00228800, 0x00228800, 0x00228800, 0x00228800, 0x00228800, 0x00228800, 0x00228800, 0x00228800, 0x00228800, 0x00228800, 0x00228800,
    0x00228800, 0x00228800, 0x00228800, 0x00228800, 0x00228800, 0x00228800, 0x00228800, 0x00228800, 0x00228800, 0x00228800, 0x00228800, 0x00228800,
    0x00228800, 0x00228800, 0x00228800, 0x00228800, 0x00228800, 0x00228800, 0x00228800, 0x00228800, 0x00228800, 0x00228800, 0x00228800, 0x00228800,
    0x00228800, 0x00228800, 0x00155500, 0x00155500, 0x00155500, 0x0096ED91, 0x00228800, 0x00155500, 0x0094E691, 0x00155500, 0x00228800, 0x0096ED91,
    0x00155500, 0x00155500, 0x00165A00, 0x00228800, 0x00228800, 0x00228800, 0x00228800, 0x00228800, 0x00228800, 0x00228800, 0x00228800, 0x00228800,
    0x00228800, 0x00228800, 0x00228800, 0x00228800, 0x00228800, 0x00228800, 0x00228800, 0x00228800, 0x00228800, 0x00228800, 0x00228800, 0x00228800,
    0x00228800, 0x00228800, 0x00228800, 0x00228800, 0x00228800, 0x00228800, 0x00228800, 0x00228800, 0x00228800, 0x00228800, 0x00228800, 0x00228800,
    0x00228800, 0x00228800, 0x00228800, 0x00228800, 0x00228800, 0x00228800, 0x00228800, 0x00228800, 0x00228800, 0x00228800, 0x00228800, 0x00228800,
    0x00228800, 0x00228800, 0x00228800, 0x0019450A, 0x00111111, 0x00111111, 0x00111111, 0x00000000, 0x00000000, 0x00000000, 0xFF000000, 0xFF000000,
    0xFF000000, 0xFF000000, 0xFF000000, 0x00000000, 0x00000000, 0x00000000, 0x00111111, 0x00111111, 0x00111111, 0x001A4C09, 0x00228800, 0x00228800,
    0x00228800, 0x00228800, 0x00228800, 0x00228800, 0x00228800, 0x00228800, 0x00228800, 0x00228800, 0x00228800, 0x00228800, 0x00228800, 0x00228800,
    0x00228800, 0x00228800, 0x00228800, 0x00228800, 0x00228800, 0x00228800, 0x00228800, 0x00228800, 0x00228800, 0x00228800, 0x00228800, 0x00228800,
    0x00228800, 0x00228800, 0x00228800, 0x00228800, 0x00228800, 0x00228800, 0x00228800, 0x00228800, 0x00228800, 0x00228800, 0x00228800, 0x00228800,
    0x00228800, 0x00228800, 0x00228800, 0x00228800, 0x00228800, 0x00228800, 0x00228800, 0x00228800, 0x00228800, 0x00155500, 0x00155500, 0x001C6F00,
    0x00228800, 0x0096ED91, 0x00228800, 0x00155500, 0x0094E691, 0x00155500, 0x00228800, 0x0096ED91, 0x00228800, 0x00155600, 0x00155500, 0x00155500,
    0x00228800, 0x00228800, 0x00228800, 0x00228800, 0x00228800, 0x00228800, 0x00228800, 0x00228800, 0x00228800, 0x00228800, 0x00228800, 0x00228800,
    0x00228800, 0x00228800, 0x00228800, 0x00228800, 0x00228800, 0x00228800, 0x00228800, 0x00228800, 0x00228800, 0x00228800, 0x00228800, 0x00228800,
    0x00228800, 0x00228800, 0x00228800, 0x00228800, 0x00228800, 0x00228800, 0x00228800, 0x00228800, 0x00228800, 0x00228800, 0x00228800, 0x00228800,
    0x00228800, 0x00228800, 0x00228800, 0x00228800, 0x00228800, 0x00228800, 0x00228800, 0x00228800, 0x00228800, 0x00228800, 0x00228800, 0x00111111,
    0x00111111, 0x00111111, 0x000D0D0D, 0x00000000, 0x00000000, 0x00000000, 0xFF000000, 0xFF000000, 0xFF000000, 0xFF000000, 0xFF000000, 0x00000000,
    0x00000000, 0x00000000, 0x000E0E0E, 0x00111111, 0x00111111, 0x00111111, 0x00228800, 0x00228800, 0x00228800, 0x00228800, 0x00228800, 0x00228800,
    0x00228800, 0x00228800, 0x00228800, 0x00228800, 0x00228800, 0x00228800, 0x00228800, 0x00228800, 0x00228800, 0x00228800, 0x00228800, 0x00228800,
    0x00228800, 0x00228800, 0x00228800, 0x00228800, 0x00228800, 0x00228800, 0x00228800, 0x00228800, 0x00228800, 0x00228800, 0x00228800, 0x00228800,
    0x00228800, 0x00228800, 0x00228800, 0x00228800, 0x00228800, 0x00228800, 0x00228800, 0x00228800, 0x00228800, 0x00228800, 0x00228800, 0x00228800,
    0x00228800, 0x00228800, 0x00228800, 0x00228600, 0x00155500, 0x00155500, 0x00228800, 0x00228800, 0x00228800, 0x0096ED91, 0x00228800, 0x00155500,
    0x0094E691, 0x00155500, 0x00228800, 0x0096ED91, 0x00228800, 0x00228800, 0x001F7D00, 0x00155500, 0x00155500, 0x00228800, 0x00228800, 0x00228800,
    0x00228800, 0x00228800, 0x00228800, 0x00228800, 0x00228800, 0x00228800, 0x00228800, 0x00228800, 0x00228800, 0x00228800, 0x00228800, 0x00228800,
    0x00228800, 0x00228800, 0x00228800, 0x00228800, 0x00228800, 0x00228800, 0x00228800, 0x00228800, 0x00228800, 0x00228800, 0x00228800, 0x00228800,
    0x00228800, 0x00228800, 0x00228800, 0x00228800, 0x00228800, 0x00228800, 0x00228800, 0x00228800, 0x00228800, 0x00228800, 0x00228800, 0x00228800,
    0x00228800, 0x00228800, 0x00228800, 0x00228800, 0x00228800, 0x00228800, 0x00228800, 0x00111111, 0x00111111, 0x00111111, 0x00000000, 0x00000000,
    0x00000000, 0x00000000, 0xFF000000, 0xFF000000, 0xFF000000, 0xFF000000, 0xFF000000, 0x00000000, 0x00000000, 0x00000000, 0x00000000, 0x00111111,
    0x00111111, 0x00111111, 0x00228800, 0x00228800, 0x00228800, 0x00228800, 0x00228800, 0x00228800, 0x00228800, 0x00228800, 0x00228800, 0x00228800,
    0x00228800, 0x00228800, 0x00228800, 0x00228800, 0x00228800, 0x00228800, 0x00228800, 0x00228800, 0x00228800, 0x00228800, 0x00228800, 0x00228800,
    0x00228800, 0x00228800, 0x00228800, 0x00228800, 0x00228800, 0x00228800, 0x00228800, 0x00228800, 0x00228800, 0x00228800, 0x00228800, 0x00228800,
    0x00228800, 0x00228800, 0x00228800, 0x00228800, 0x00228800, 0x00228800, 0x00228800, 0x00228800, 0x00228800, 0x00228800, 0x00196800, 0x00155500,
    0x00155500, 0x00228800, 0x00228800, 0x00228800, 0x00228800, 0x0096ED91, 0x00228800, 0x00155500, 0x0094E691, 0x00155500, 0x00228800, 0x0096ED91,
    0x00228800, 0x00228800, 0x00228800, 0x00228800, 0x00155500, 0x00155500, 0x00228600, 0x00228800, 0x00228800, 0x00228800, 0x00228800, 0x00228800,
    0x00228800, 0x00228800, 0x00228800, 0x00228800, 0x00228800, 0x00228800, 0x00228800, 0x00228800, 0x00228800, 0x00228800, 0x00228800, 0x00228800,
    0x00228800, 0x00228800, 0x00228800, 0x00228800, 0x00228800, 0x00228800, 0x00228800, 0x00228800, 0x00228800, 0x00228800, 0x00228800, 0x00228800,
    0x00228800, 0x00228800, 0x00228800, 0x00228800, 0x00228800, 0x00228800, 0x00228800, 0x00228800, 0x00228800, 0x00228800, 0x00228800, 0x00228800,
    0x00228800, 0x00228800, 0x00228800, 0x00111111, 0x00111111, 0x00111111, 0x00000000, 0x00000000, 0x00000000, 0x00000000, 0xFF000000, 0xFF000000,
    0xFF000000, 0xFF000000, 0xFF000000, 0x00000000, 0x00000000, 0x00000000, 0x00000000, 0x00111111, 0x00111111, 0x00111111, 0x00228800, 0x00228800,
    0x00228800, 0x00228800, 0x00228800, 0x00228800, 0x00228800, 0x00228800, 0x00228800, 0x00228800, 0x00228800, 0x00228800, 0x00228800, 0x00228800,
    0x00228800, 0x00228800, 0x00228800, 0x00228800, 0x00228800, 0x00228800, 0x00228800, 0x00228800, 0x00228800, 0x00228800, 0x00228800, 0x00228800,
    0x00228800, 0x00228800, 0x00228800, 0x00228800, 0x00228800, 0x00228800, 0x00228800, 0x00228800, 0x00228800, 0x00228800, 0x00228800, 0x00228800,
    0x00228800, 0x00228800, 0x00228800, 0x00228800, 0x00228800, 0x00155500, 0x00155500, 0x00155500, 0x00228800, 0x00228800, 0x00228800, 0x00228800,
    0x00228800, 0x0096ED91, 0x00228800, 0x00155500, 0x0094E691, 0x00155500, 0x00228800, 0x0096ED91, 0x00228800, 0x00228800, 0x00228800, 0x00228800,
    0x00228800, 0x00155500, 0x00155500, 0x001A6900, 0x00228800, 0x00228800, 0x00228800, 0x00228800, 0x00228800, 0x00228800, 0x00228800, 0x00228800,
    0x00228800, 0x00228800, 0x00228800, 0x00228800, 0x00228800, 0x00228800, 0x00228800, 0x00228800, 0x00228800, 0x00228800, 0x00228800, 0x00228800,
    0x00228800, 0x00228800, 0x00228800, 0x00228800, 0x00228800, 0x00228800, 0x00228800, 0x00228800, 0x00228800, 0x00228800, 0x00228800, 0x00228800,
    0x00228800, 0x00228800, 0x00228800, 0x00228800, 0x00228800, 0x00228800, 0x00228800, 0x00228800, 0x00228800, 0x00228800, 0x00218600, 0x00111111,
    0x00111111, 0x00111111, 0x00000000, 0x00000000, 0x00000000, 0x00000000, 0xFF000000, 0xFF000000, 0xFF000000, 0xFF000000, 0xFF000000, 0xFF000000,
    0x00000000, 0x00000000, 0x00000000, 0x00111111, 0x00111111, 0x00111111, 0x001D6405, 0x00228800, 0x00228800, 0x00228800, 0x00228800, 0x00228800,
    0x00228800, 0x00228800, 0x00228800, 0x00228800, 0x00228800, 0x00228800, 0x00228800, 0x00228800, 0x00228800, 0x00228800, 0x00228800, 0x00228800,
    0x00228800, 0x00228800, 0x00228800, 0x00228800, 0x00228800, 0x00228800, 0x00228800, 0x00228800, 0x00228800, 0x00228800, 0x00228800, 0x00228800,
    0x00228800, 0x00228800, 0x00228800, 0x00228800, 0x00228800, 0x00228800, 0x00228800, 0x00228800, 0x00228800, 0x00228800, 0x00228800, 0x00228800,
    0x00155500, 0x00155500, 0x00186200, 0x00228800, 0x00228800, 0x00228800, 0x00228800, 0x00228800, 0x00228800, 0x0096ED91, 0x00228800, 0x00155500,
    0x0094E691, 0x00155500, 0x00228800, 0x0096ED91, 0x00228800, 0x00228800, 0x00228800, 0x00228800, 0x00228800, 0x00228800, 0x00155500, 0x00155500,
    0x00155500, 0x00228800, 0x00228800, 0x00228800, 0x00228800, 0x00228800, 0x00228800, 0x00228800, 0x00228800, 0x00228800, 0x00228800, 0x00228800,
    0x00228800, 0x00228800, 0x00228800, 0x00228800, 0x00228800, 0x00228800, 0x00228800, 0x00228800, 0x00228800, 0x00228800, 0x00228800, 0x00228800,
    0x00228800, 0x00228800, 0x00228800, 0x00228800, 0x00228800, 0x00228800, 0x00228800, 0x00228800, 0x00228800, 0x00228800, 0x00228800, 0x00228800,
    0x00228800, 0x00228800, 0x00228800, 0x00228800, 0x00228800, 0x00228800, 0x00111111, 0x00111111, 0x00111111, 0x00111111, 0x00000000, 0x00000000,
    0x00000000, 0xFF000000, 0xFF000000, 0xFF000000, 0xFF000000, 0xFF000000, 0xFF000000, 0xFF000000, 0x00000000, 0x00000000, 0x00000000, 0x00101010,
    0x00111111, 0x00111111, 0x00111111, 0x00228800, 0x00228800, 0x00228800, 0x00228800, 0x00228800, 0x00228800, 0x00228800, 0x00228800, 0x00228800,
    0x00228800, 0x00228800, 0x00228800, 0x00228800, 0x00228800, 0x00228800, 0x00228800, 0x00228800, 0x00228800, 0x00228800, 0x00228800, 0x00228800,
    0x00228800, 0x00228800, 0x00228800, 0x00228800, 0x00228800, 0x00228800, 0x00228800, 0x00228800, 0x00228800, 0x00228800, 0x00228800, 0x00228800,
    0x00228800, 0x00228800, 0x00228800, 0x00228800, 0x00228800, 0x00228800, 0x00228800, 0x00155500, 0x00155500, 0x00208000, 0x00228800, 0x00228800,
    0x00228800, 0x00228800, 0x00228800, 0x00228800, 0x00228800, 0x0096ED91, 0x00228800, 0x00155500, 0x0094E691, 0x00155500, 0x00228800, 0x0096ED91,
    0x00228800, 0x00228800, 0x00228800, 0x00228800, 0x00228800, 0x00228800, 0x00228800, 0x00175D00, 0x00155500, 0x00155500, 0x00228800, 0x00228800,
    0x00228800, 0x00228800, 0x00228800, 0x00228800, 0x00228800, 0x00228800, 0x00228800, 0x00228800, 0x00228800, 0x00228800, 0x00228800, 0x00228800,
    0x00228800, 0x00228800, 0x00228800, 0x00228800, 0x00228800, 0x00228800, 0x00228800, 0x00228800, 0x00228800, 0x00228800, 0x00228800, 0x00228800,
    0x00228800, 0x00228800, 0x00228800, 0x00228800, 0x00228800, 0x00228800, 0x00228800, 0x00228800, 0x00228800, 0x00228800, 0x00228800, 0x00228800,
    0x00228800, 0x00228800, 0x00111111, 0x00111111, 0x00111111, 0x00000000, 0x00000000, 0x00000000, 0x00000000, 0xFF000000, 0xFF000000, 0xFF000000,
    0xFF000000, 0xFF000000, 0xFF000000, 0xFF000000, 0x00000000, 0x00000000, 0x00000000, 0x00000000, 0x00111111, 0x00111111, 0x00111111, 0x00228800,
    0x00228800, 0x00228800, 0x00228800, 0x00228800, 0x00228800, 0x00228800, 0x00228800, 0x00228800, 0x00228800, 0x00228800, 0x00228800, 0x00228800,
    0x00228800, 0x00228800, 0x00228800, 0x00228800, 0x00228800, 0x00228800, 0x00228800, 0x00228800, 0x00228800, 0x00228800, 0x00228800, 0x00228800,
    0x00228800, 0x00228800, 0x00228800, 0x00228800, 0x00228800, 0x00228800, 0x00228800, 0x00228800, 0x00228800, 0x00228800, 0x00228800, 0x00228800,
    0x00228800, 0x00228800, 0x00155500, 0x00155500, 0x00228800, 0x00228800, 0x00228800, 0x00228800, 0x00228800, 0x00228800, 0x00228800, 0x00228800,
    0x00228800, 0x0096ED91, 0x00228800, 0x00155500, 0x0094E691, 0x00155500, 0x00228800, 0x0096ED91, 0x00228800, 0x00228800, 0x00228800, 0x00228800,
    0x00228800, 0x00228800, 0x00228800, 0x00228800, 0x001E7700, 0x00155500, 0x00155500, 0x00228800, 0x00228800, 0x00228800, 0x00228800, 0x00228800,
    0x00228800, 0x00228800, 0x00228800, 0x00228800, 0x00228800, 0x00228800, 0x00228800, 0x00228800, 0x00228800, 0x00228800, 0x00228800, 0x00228800,
    0x00228800, 0x00228800, 0x00228800, 0x00228800, 0x00228800, 0x00228800, 0x00228800, 0x00228800, 0x00228800, 0x00228800, 0x00228800, 0x00228800,
    0x00228800, 0x00228800, 0x00228800, 0x00228800, 0x00228800, 0x00228800, 0x00228800, 0x00228800, 0x00228800, 0x00228800, 0x00111111, 0x00111111,
    0x00111111, 0x00000000, 0x00000000, 0x00000000, 0x00000000, 0xFF000000, 0xFF000000, 0xFF000000, 0xFF000000, 0xFF000000, 0xFF000000, 0xFF000000,
    0x00000000, 0x00000000, 0x00000000, 0x00000000, 0x00111111, 0x00111111, 0x00111111, 0x00218500, 0x00228800, 0x00228800, 0x00228800, 0x00228800,
    0x00228800, 0x00228800, 0x00228800, 0x00228800, 0x00228800, 0x00228800, 0x00228800, 0x00228800, 0x00228800, 0x00228800, 0x00228800, 0x00228800,
    0x00228800, 0x00228800, 0x00228800, 0x00228800, 0x00228800, 0x00228800, 0x00228800, 0x00228800, 0x00228800, 0x00228800, 0x00228800, 0x00228800,
    0x00228800, 0x00228800, 0x00228800, 0x00228800, 0x00228800, 0x00228800, 0x00228800, 0x00228800, 0x00228800, 0x00155500, 0x00155500, 0x00228800,
    0x00228800, 0x00228800, 0x00228800, 0x00228800, 0x00228800, 0x00228800, 0x00228800, 0x00228800, 0x00228800, 0x0096ED91, 0x00228800, 0x00155500,
    0x0094E691, 0x00155500, 0x00228800, 0x0096ED91, 0x00228800, 0x00228800, 0x00228800, 0x00228800, 0x00228800, 0x00228800, 0x00228800, 0x00228800,
    0x00228800, 0x00228600, 0x00155500, 0x00155500, 0x00228800, 0x00228800, 0x00228800, 0x00228800, 0x00228800, 0x00228800, 0x00228800, 0x00228800,
    0x00228800, 0x00228800, 0x00228800, 0x00228800, 0x00228800, 0x00228800, 0x00228800, 0x00228800, 0x00228800, 0x00228800, 0x00228800, 0x00228800,
    0x00228800, 0x00228800, 0x00228800, 0x00228800, 0x00228800, 0x00228800, 0x00228800, 0x00228800, 0x00228800, 0x00228800, 0x00228800, 0x00228800,
    0x00228800, 0x00228800, 0x00228800, 0x00228800, 0x00228800, 0x00121910, 0x00111111, 0x00111111, 0x00111111, 0x00000000, 0x00000000, 0x00000000,
    0x00000000, 0xFF000000, 0xFF000000, 0xFF000000, 0xFF000000, 0xFF000000, 0xFF000000, 0xFF000000, 0xFF000000, 0x00000000, 0x00000000, 0x00000000,
    0x00111111, 0x00111111, 0x00111111, 0x00111111, 0x00228800, 0x00228800, 0x00228800, 0x00228800, 0x00228800, 0x00228800, 0x00228800, 0x00228800,
    0x00228800, 0x00228800, 0x00228800, 0x00228800, 0x00228800, 0x00228800, 0x00228800, 0x00228800, 0x00228800, 0x00228800, 0x00228800, 0x00228800,
    0x00228800, 0x00228800, 0x00228800, 0x00228800, 0x00228800, 0x00228800, 0x00228800, 0x00228800, 0x00228800, 0x00228800, 0x00228800, 0x00228800,
    0x00228800, 0x00228800, 0x00228800, 0x00228800, 0x00155500, 0x00155500, 0x00228800, 0x00228800, 0x00228800, 0x00228800, 0x00228800, 0x00228800,
    0x00228800, 0x00228800, 0x00228800, 0x00228800, 0x00228800, 0x0096ED91, 0x00228800, 0x00155500, 0x0094E691, 0x00155500, 0x00228800, 0x0096ED91,
    0x00228800, 0x00228800, 0x00228800, 0x00228800, 0x00228800, 0x00228800, 0x00228800, 0x00228800, 0x00228800, 0x00228800, 0x00228800, 0x00155500,
    0x00155500, 0x00228800, 0x00228800, 0x00228800, 0x00228800, 0x00228800, 0x00228800, 0x00228800, 0x00228800, 0x00228800, 0x00228800, 0x00228800,
    0x00228800, 0x00228800, 0x00228800, 0x00228800, 0x00228800, 0x00228800, 0x00228800, 0x00228800, 0x00228800, 0x00228800, 0x00228800, 0x00228800,
    0x00228800, 0x00228800, 0x00228800, 0x00228800, 0x00228800, 0x00228800, 0x00228800, 0x00228800, 0x00228800, 0x00228800, 0x00228800, 0x00228800,
    0x00228800, 0x00111111, 0x00111111, 0x00111111, 0x00040404, 0x00000000, 0x00000000, 0x00000000, 0xFF000000, 0xFF000000, 0xFF000000, 0xFF000000,
    0xFF000000, 0xFF000000, 0xFF000000, 0xFF000000, 0xFF000000, 0x00000000, 0x00000000, 0x00000000, 0x00000000, 0x00111111, 0x00111111, 0x00111111,
    0x00228800, 0x00228800, 0x00228800, 0x00228800, 0x00228800, 0x00228800, 0x00228800, 0x00228800, 0x00228800, 0x00228800, 0x00228800, 0x00228800,
    0x00228800, 0x00228800, 0x00228800, 0x00228800, 0x00228800, 0x00228800, 0x00228800, 0x00228800, 0x00228800, 0x00228800, 0x00228800, 0x00228800,
    0x00228800, 0x00228800, 0x00228800, 0x00228800, 0x00228800, 0x00228800, 0x00228800, 0x00228800, 0x00228800, 0x00228800, 0x00228800, 0x00155500,
    0x00155500, 0x00228800, 0x00228800, 0x00228800, 0x00228800, 0x00228800, 0x00228800, 0x00228800, 0x00228800, 0x00228800, 0x00228800, 0x00228800,
    0x00228800, 0x0096ED91, 0x00228800, 0x00155500, 0x0094E691, 0x00155500, 0x00228800, 0x0096ED91, 0x00228800, 0x00228800, 0x00228800, 0x00228800,
    0x00228800, 0x00228800, 0x00228800, 0x00228800, 0x00228800, 0x00228800, 0x00228800, 0x00228800, 0x00155500, 0x00155500, 0x00228800, 0x00228800,
    0x00228800, 0x00228800, 0x00228800, 0x00228800, 0x00228800, 0x00228800, 0x00228800, 0x00228800, 0x00228800, 0x00228800, 0x00228800, 0x00228800,
    0x00228800, 0x00228800, 0x00228800, 0x00228800, 0x00228800, 0x00228800, 0x00228800, 0x00228800, 0x00228800, 0x00228800, 0x00228800, 0x00228800,
    0x00228800, 0x00228800, 0x00228800, 0x00228800, 0x00228800, 0x00228800, 0x00228800, 0x00228800, 0x00228800, 0x00111111, 0x00111111, 0x00111111,
    0x00000000, 0x00000000, 0x00000000, 0x00000000, 0xFF000000, 0xFF000000, 0xFF000000, 0xFF000000, 0xFF000000, 0xFF000000, 0xFF000000, 0xFF000000,
    0xFF000000, 0x00000000, 0x00000000, 0x00000000, 0x00000000, 0x00111111, 0x00111111, 0x00111111, 0x0019450A, 0x00228800, 0x00228800, 0x00228800,
    0x00228800, 0x00228800, 0x00228800, 0x00228800, 0x00228800, 0x00228800, 0x00228800, 0x00228800, 0x00228800, 0x00228800, 0x00228800, 0x00228800,
    0x00228800, 0x00228800, 0x00228800, 0x00228800, 0x00228800, 0x00228800, 0x00228800, 0x00228800, 0x00228800, 0x00228800, 0x00228800, 0x00228800,
    0x00228800, 0x00228800, 0x00228800, 0x00228800, 0x00228800, 0x00228800, 0x00155500, 0x00155500, 0x00228800, 0x00228800, 0x00228800, 0x00228800,
    0x00228800, 0x00228800, 0x00228800, 0x00228800, 0x00228800, 0x00228800, 0x00228800, 0x00228800, 0x00228800, 0x0096ED91, 0x00228800, 0x00155500,
    0x0094E691, 0x00155500, 0x00228800, 0x0096ED91, 0x00228800, 0x00228800, 0x00228800, 0x00228800, 0x00228800, 0x00228800, 0x00228800, 0x00228800,
    0x00228800, 0x00228800, 0x00228800, 0x00228800, 0x00228800, 0x00155500, 0x00155500, 0x00228800, 0x00228800, 0x00228800, 0x00228800, 0x00228800,
    0x00228800, 0x00228800, 0x00228800, 0x00228800, 0x00228800, 0x00228800, 0x00228800, 0x00228800, 0x00228800, 0x00228800, 0x00228800, 0x00228800,
    0x00228800, 0x00228800, 0x00228800, 0x00228800, 0x00228800, 0x00228800, 0x00228800, 0x00228800, 0x00228800, 0x00228800, 0x00228800, 0x00228800,
    0x00228800, 0x00228800, 0x00228800, 0x00228800, 0x00111111, 0x00111111, 0x00111111, 0x00111111, 0x00000000, 0x00000000, 0x00000000, 0x00000000,
    0xFF000000, 0xFF000000, 0xFF000000, 0xFF000000, 0xFF000000, 0xFF000000, 0xFF000000, 0xFF000000, 0xFF000000, 0xFF000000, 0x00000000, 0x00000000,
    0x00000000, 0x000B0B0B, 0x00111111, 0x00111111, 0x00111111, 0x00228800, 0x00228800, 0x00228800, 0x00228800, 0x00228800, 0x00228800, 0x00228800,
    0x00228800, 0x00228800, 0x00228800, 0x00228800, 0x00228800, 0x00228800, 0x00228800, 0x00228800, 0x00228800, 0x00228800, 0x00228800, 0x00228800,
    0x00228800, 0x00228800, 0x00228800, 0x00228800, 0x00228800, 0x00228800, 0x00228800, 0x00228800, 0x00228800, 0x00228800, 0x00228800, 0x00228800,
    0x00228800, 0x00155500, 0x00155500, 0x00228800, 0x00228800, 0x00228800, 0x00228800, 0x00228800, 0x00228800, 0x00228800, 0x00228800, 0x00228800,
    0x00228800, 0x00228800, 0x00228800, 0x00228800, 0x00228800, 0x0096ED91, 0x00228800, 0x00155500, 0x0094E691, 0x00155500, 0x00228800, 0x0096ED91,
    0x00228800, 0x00228800, 0x00228800, 0x00228800, 0x00228800, 0x00228800, 0x00228800, 0x00228800, 0x00228800, 0x00228800, 0x00228800, 0x00228800,
    0x00228800, 0x00228800, 0x00155500, 0x00155500, 0x00228800, 0x00228800, 0x00228800, 0x00228800, 0x00228800, 0x00228800, 0x00228800, 0x00228800,
    0x00228800, 0x00228800, 0x00228800, 0x00228800, 0x00228800, 0x00228800, 0x00228800, 0x00228800, 0x00228800, 0x00228800, 0x00228800, 0x00228800,
    0x00228800, 0x00228800, 0x00228800, 0x00228800, 0x00228800, 0x00228800, 0x00228800, 0x00228800, 0x00228800, 0x00228800, 0x00228800, 0x00228800,
    0x00111111, 0x00111111, 0x00111111, 0x00000000, 0x00000000, 0x00000000, 0x00000000, 0xFF000000, 0xFF000000, 0xFF000000, 0xFF000000, 0xFF000000,
    0xFF000000, 0xFF000000, 0xFF000000, 0xFF000000, 0xFF000000, 0xFF000000, 0x00000000, 0x00000000, 0x00000000, 0x00000000, 0x00111111, 0x00111111,
    0x00111111, 0x00228700, 0x00228800, 0x00228800, 0x00228800, 0x00228800, 0x00228800, 0x00228800, 0x00228800, 0x00228800, 0x00228800, 0x00228800,
    0x00228800, 0x00228800, 0x00228800, 0x00228800, 0x00228800, 0x00228800, 0x00228800, 0x00228800, 0x00228800, 0x00228800, 0x00228800, 0x00228800,
    0x00228800, 0x00228800, 0x00228800, 0x00228800, 0x00228800, 0x00228800, 0x00228800, 0x00228800, 0x00155500, 0x00155500, 0x00228800, 0x00228800,
    0x00228800, 0x00228800, 0x00228800, 0x00228800, 0x00228800, 0x00228800, 0x00228800, 0x00228800, 0x00228800, 0x00228800, 0x00228800, 0x00228800,
    0x00228800, 0x0096ED91, 0x00228800, 0x00155500, 0x0094E691, 0x00155500, 0x00228800, 0x0096ED91, 0x00228800, 0x00228800, 0x00228800, 0x00228800,
    0x00228800, 0x00228800, 0x00228800, 0x00228800, 0x00228800, 0x00228800, 0x00228800, 0x00228800, 0x00228800, 0x00228800, 0x00228800, 0x00155500,
    0x00155500, 0x00228800, 0x00228800, 0x00228800, 0x00228800, 0x00228800, 0x00228800, 0x00228800, 0x00228800, 0x00228800, 0x00228800, 0x00228800,
    0x00228800, 0x00228800, 0x00228800, 0x00228800, 0x00228800, 0x00228800, 0x00228800, 0x00228800, 0x00228800, 0x00228800, 0x00228800, 0x00228800,
    0x00228800, 0x00228800, 0x00228800, 0x00228800, 0x00228800, 0x00228800, 0x00228800, 0x0014210F, 0x00111111, 0x00111111, 0x00111111, 0x00000000,
    0x00000000, 0x00000000, 0x00000000, 0xFF000000, 0xFF000000, 0xFF000000, 0xFF000000, 0xFF000000, 0xFF000000, 0xFF000000, 0xFF000000, 0xFF000000,
    0xFF000000, 0xFF000000, 0xFF000000, 0x00000000, 0x00000000, 0x00000000, 0x00111111, 0x00111111, 0x00111111, 0x00111111, 0x00228800, 0x00228800,
    0x00228800, 0x00228800, 0x00228800, 0x00228800, 0x00228800, 0x00228800, 0x00228800, 0x00228800, 0x00228800, 0x00228800, 0x00228800, 0x00228800,
    0x00228800, 0x00228800, 0x00228800, 0x00228800, 0x00228800, 0x00228800, 0x00228800, 0x00228800, 0x00228800, 0x00228800, 0x00228800, 0x00228800,
    0x00228800, 0x00228800, 0x00228800, 0x00155500, 0x00155500, 0x00228800, 0x00228800, 0x00228800, 0x00228800, 0x00228800, 0x00228800, 0x00228800,
    0x00228800, 0x00228800, 0x00228800, 0x00228800, 0x00228800, 0x00228800, 0x00228800, 0x00228800, 0x00228800, 0x0096ED91, 0x00228800, 0x00155500,
    0x0094E691, 0x00155500, 0x00228800, 0x0096ED91, 0x00228800, 0x00228800, 0x00228800, 0x00228800, 0x00228800, 0x00228800, 0x00228800, 0x00228800,
    0x00228800, 0x00228800, 0x00228800, 0x00228800, 0x00228800, 0x00228800, 0x00228800, 0x00228800, 0x00155500, 0x00155500, 0x00228800, 0x00228800,
    0x00228800, 0x00228800, 0x00228800, 0x00228800, 0x00228800, 0x00228800, 0x00228800, 0x00228800, 0x00228800, 0x00228800, 0x00228800, 0x00228800,
    0x00228800, 0x00228800, 0x00228800, 0x00228800, 0x00228800, 0x00228800, 0x00228800, 0x00228800, 0x00228800, 0x00228800, 0x00228800, 0x00228800,
    0x00228800, 0x00228800, 0x00228800, 0x00111111, 0x00111111, 0x00111111, 0x00070707, 0x00000000, 0x00000000, 0x00000000, 0xFF000000, 0xFF000000,
    0xFF000000, 0xFF000000, 0xFF000000, 0xFF000000, 0xFF000000, 0xFF000000, 0xFF000000, 0xFF000000, 0xFF000000, 0xFF000000, 0xFF000000, 0x00000000,
    0x00000000, 0x00000000, 0x00000000, 0x00111111, 0x00111111, 0x00111111, 0x00228800, 0x00228800, 0x00228800, 0x00228800, 0x00228800, 0x00228800,
    0x00228800, 0x00228800, 0x00228800, 0x00228800, 0x00228800, 0x00228800, 0x00228800, 0x00228800, 0x00228800, 0x00228800, 0x00228800, 0x00228800,
    0x00228800, 0x00228800, 0x00228800, 0x00228800, 0x00228800, 0x00228800, 0x00228800, 0x00228800, 0x00228800, 0x00228800, 0x00155500, 0x00155500,
    0x00228800, 0x00228800, 0x00228800, 0x00228800, 0x00228800, 0x00228800, 0x00228800, 0x00228800, 0x00228800, 0x00228800, 0x00228800, 0x00228800,
    0x00228800, 0x00228800, 0x00228800, 0x00228800, 0x00228800, 0x0096ED91, 0x00228800, 0x00155500, 0x0094E691, 0x00155500, 0x00228800, 0x0096ED91,
    0x00228800, 0x00228800, 0x00228800, 0x00228800, 0x00228800, 0x00228800, 0x00228800, 0x00228800, 0x00228800, 0x00228800, 0x00228800, 0x00228800,
    0x00228800, 0x00228800, 0x00228800, 0x00228800, 0x00228800, 0x00155500, 0x00155500, 0x00228800, 0x00228800, 0x00228800, 0x00228800, 0x00228800,
    0x00228800, 0x00228800, 0x00228800, 0x00228800, 0x00228800, 0x00228800, 0x00228800, 0x00228800, 0x00228800, 0x00228800, 0x00228800, 0x00228800,
    0x00228800, 0x00228800, 0x00228800, 0x00228800, 0x00228800, 0x00228800, 0x00228800, 0x00228800, 0x00228800, 0x00228800, 0x0016380B, 0x00111111,
    0x00111111, 0x00111111, 0x00000000, 0x00000000, 0x00000000, 0x00000000, 0xFF000000, 0xFF000000, 0xFF000000, 0xFF000000, 0xFF000000, 0xFF000000,
    0xFF000000, 0xFF000000, 0xFF000000, 0xFF000000, 0xFF000000, 0xFF000000, 0xFF000000, 0x00000000, 0x00000000, 0x00000000, 0x00000000, 0x00111111,
    0x00111111, 0x00111111, 0x00111111, 0x00228800, 0x00228800, 0x00228800, 0x00228800, 0x00228800, 0x00228800, 0x00228800, 0x00228800, 0x00228800,
    0x00228800, 0x00228800, 0x00228800, 0x00228800, 0x00228800, 0x00228800, 0x00228800, 0x00228800, 0x00228800, 0x00228800, 0x00228800, 0x00228800,
    0x00228800, 0x00228800, 0x00228800, 0x00228800, 0x00228800, 0x00155500, 0x00155500, 0x00228800, 0x00228800, 0x00228800, 0x00228800, 0x00228800,
    0x00228800, 0x00228800, 0x00228800, 0x00228800, 0x00228800, 0x00228800, 0x00228800, 0x00228800, 0x00228800, 0x00228800, 0x00228800, 0x00228800,
    0x00228800, 0x0096ED91, 0x00228800, 0x00155500, 0x0094E691, 0x00155500, 0x00228800, 0x0096ED91, 0x00228800, 0x00228800, 0x00228800, 0x00228800,
    0x00228800, 0x00228800, 0x00228800, 0x00228800, 0x00228800, 0x00228800, 0x00228800, 0x00228800, 0x00228800, 0x00228800, 0x00228800, 0x00228800,
    0x00228800, 0x001F7D00, 0x00155500, 0x00155600, 0x00228800, 0x00228800, 0x00228800, 0x00228800, 0x00228800, 0x00228800, 0x00228800, 0x00228800,
    0x00228800, 0x00228800, 0x00228800, 0x00228800, 0x00228800, 0x00228800, 0x00228800, 0x00228800, 0x00228800, 0x00228800, 0x00228800, 0x00228800,
    0x00228800, 0x00228800, 0x00228800, 0x00228800, 0x00228800, 0x00228800, 0x00111111, 0x00111111, 0x00111111, 0x000C0C0C, 0x00000000, 0x00000000,
    0x00000000, 0x00000000, 0xFF000000, 0xFF000000, 0xFF000000, 0xFF000000, 0xFF000000, 0xFF000000, 0xFF000000, 0xFF000000, 0xFF000000, 0xFF000000,
    0xFF000000, 0xFF000000, 0xFF000000, 0xFF000000, 0x00000000, 0x00000000, 0x00000000, 0x00000000, 0x00111111, 0x00111111, 0x00111111, 0x00228301,
    0x00228800, 0x00228800, 0x00228800, 0x00228800, 0x00228800, 0x00228800, 0x00228800, 0x00228800, 0x00228800, 0x00228800, 0x00228800, 0x00228800,
    0x00228800, 0x00228800, 0x00228800, 0x00228800, 0x00228800, 0x00228800, 0x00228800, 0x00228800, 0x00228800, 0x00228800, 0x00228800, 0x00228800,
    0x00155500, 0x00155500, 0x00218500, 0x00228800, 0x00228800, 0x00228800, 0x00228800, 0x00228800, 0x00228800, 0x00228800, 0x00228800, 0x00228800,
    0x00228800, 0x00228800, 0x00228800, 0x00228800, 0x00228800, 0x00228800, 0x00228800, 0x00228800, 0x00228800, 0x0096ED91, 0x00228800, 0x00155500,
    0x0094E691, 0x00155500, 0x00228800, 0x0096ED91, 0x00228800, 0x00228800, 0x00228800, 0x00228800, 0x00228800, 0x00228800, 0x00228800, 0x00228800,
    0x00228800, 0x00228800, 0x00228800, 0x00228800, 0x00228800, 0x00228800, 0x00228800, 0x00228800, 0x00228800, 0x00228800, 0x00175D00, 0x00155500,
    0x001C7000, 0x00228800, 0x00228800, 0x00228800, 0x00228800, 0x00228800, 0x00228800, 0x00228800, 0x00228800, 0x00228800, 0x00228800, 0x00228800,
    0x00228800, 0x00228800, 0x00228800, 0x00228800, 0x00228800, 0x00228800, 0x00228800, 0x00228800, 0x00228800, 0x00228800, 0x00228800, 0x00228800,
    0x00228800, 0x00121C0F, 0x00111111, 0x00111111, 0x00111111, 0x00000000, 0x00000000, 0x00000000, 0x00000000, 0xFF000000, 0xFF000000, 0xFF000000,
    0xFF000000, 0xFF000000, 0xFF000000, 0xFF000000, 0xFF000000, 0xFF000000, 0xFF000000, 0xFF000000, 0xFF000000, 0xFF000000, 0xFF000000, 0xFF000000,
    0x00000000, 0x00000000, 0x00000000, 0x00000000, 0x00111111, 0x00111111, 0x00111111, 0x00111111, 0x00228800, 0x00228800, 0x00228800, 0x00228800,
    0x00228800, 0x00228800, 0x00228800, 0x00228800, 0x00228800, 0x00228800, 0x00228800, 0x00228800, 0x00228800, 0x00228800, 0x00228800, 0x00228800,
    0x00228800, 0x00228800, 0x00228800, 0x00228800, 0x00228800, 0x00228800, 0x00228800, 0x001C7400, 0x00155500, 0x00186200, 0x00228800, 0x00228800,
    0x00228800, 0x00228800, 0x00228800, 0x00228800, 0x00228800, 0x00228800, 0x00228800, 0x00228800, 0x00228800, 0x00228800, 0x00228800, 0x00228800,
    0x00228800, 0x00228800, 0x00228800, 0x00228800, 0x00228800, 0x0096ED91, 0x00228800, 0x00155500, 0x0094E691, 0x00155500, 0x00228800, 0x0096ED91,
    0x00228800, 0x00228800, 0x00228800, 0x00228800, 0x00228800, 0x00228800, 0x00228800, 0x00228800, 0x00228800, 0x00228800, 0x00228800, 0x00228800,
    0x00228800, 0x00228800, 0x00228800, 0x00228800, 0x00228800, 0x00228800, 0x00228800, 0x00155500, 0x00155500, 0x00228800, 0x00228800, 0x00228800,
    0x00228800, 0x00228800, 0x00228800, 0x00228800, 0x00228800, 0x00228800, 0x00228800, 0x00228800, 0x00228800, 0x00228800, 0x00228800, 0x00228800,
    0x00228800, 0x00228800, 0x00228800, 0x00228800, 0x00228800, 0x00228800, 0x00228800, 0x00228800, 0x00228800, 0x00111111, 0x00111111, 0x00111111,
    0x000A0A0A, 0x00000000, 0x00000000, 0x00000000, 0x00000000, 0xFF000000, 0xFF000000, 0xFF000000, 0xFF000000, 0xFF000000, 0xFF000000, 0xFF000000,
    0xFF000000, 0xFF000000, 0xFF000000, 0xFF000000, 0xFF000000, 0xFF000000, 0xFF000000, 0xFF000000, 0xFF000000, 0x00000000, 0x00000000, 0x00000000,
    0x00000000, 0x00111111, 0x00111111, 0x00111111, 0x0015320C, 0x00228800, 0x00228800, 0x00228800, 0x00228800, 0x00228800, 0x00228800, 0x00228800,
    0x00228800, 0x00228800, 0x00228800, 0x00228800, 0x00228800, 0x00228800, 0x00228800, 0x00228800, 0x00228800, 0x00228800, 0x00228800, 0x00228800,
    0x00228800, 0x00228800, 0x00228800, 0x00155500, 0x00155500, 0x00228800, 0x00228800, 0x00228800, 0x00228800, 0x00228800, 0x00228800, 0x00228800,
    0x00228800, 0x00228800, 0x00228800, 0x00228800, 0x00228800, 0x00228800, 0x00228800, 0x00228800, 0x00228800, 0x00228800, 0x00228800, 0x00228800,
    0x00228800, 0x0096ED91, 0x00228800, 0x00155500, 0x0094E691, 0x00155500, 0x00228800, 0x0096ED91, 0x00228800, 0x00228800, 0x00228800, 0x00228800,
    0x00228800, 0x00228800, 0x00228800, 0x00228800, 0x00228800, 0x00228800, 0x00228800, 0x00228800, 0x00228800, 0x00228800, 0x00228800, 0x00228800,
    0x00228800, 0x00228800, 0x00228800, 0x00228800, 0x00155500, 0x00155500, 0x00228800, 0x00228800, 0x00228800, 0x00228800, 0x00228800, 0x00228800,
    0x00228800, 0x00228800, 0x00228800, 0x00228800, 0x00228800, 0x00228800, 0x00228800, 0x00228800, 0x00228800, 0x00228800, 0x00228800, 0x00228800,
    0x00228800, 0x00228800, 0x00228800, 0x00228800, 0x00111111, 0x00111111, 0x00111111, 0x00111111, 0x00000000, 0x00000000, 0x00000000, 0x00000000,
    0xFF000000, 0xFF000000, 0xFF000000, 0xFF000000, 0xFF000000, 0xFF000000, 0xFF000000, 0xFF000000, 0xFF000000, 0xFF000000, 0xFF000000, 0xFF000000,
    0xFF000000, 0xFF000000, 0xFF000000, 0xFF000000, 0xFF000000, 0x00000000, 0x00000000, 0x00000000, 0x00000000, 0x000F0F0F, 0x00111111, 0x00111111,
    0x00111111, 0x00228800, 0x00228800, 0x00228800, 0x00228800, 0x00228800, 0x00228800, 0x00228800, 0x00228800, 0x00228800, 0x00228800, 0x00228800,
    0x00228800, 0x00228800, 0x00228800, 0x00228800, 0x00228800, 0x00228800, 0x00228800, 0x00228800, 0x00228800, 0x00228800, 0x00155500, 0x00155500,
    0x00228800, 0x00228800, 0x00228800, 0x00228800, 0x00228800, 0x00228800, 0x00228800, 0x00228800, 0x00228800, 0x00228800, 0x00228800, 0x00228800,
    0x00228800, 0x00228800, 0x00228800, 0x00228800, 0x00228800, 0x00228800, 0x00228800, 0x00228800, 0x00228800, 0x0096ED91, 0x00228800, 0x00155500,
    0x0094E691, 0x00155500, 0x00228800, 0x0096ED91, 0x00228800, 0x00228800, 0x00228800, 0x00228800, 0x00228800, 0x00228800, 0x00228800, 0x00228800,
    0x00228800, 0x00228800, 0x00228800, 0x00228800, 0x00228800, 0x00228800, 0x00228800, 0x00228800, 0x00228800, 0x00228800, 0x00228800, 0x00228800,
    0x00228800, 0x00155500, 0x00155500, 0x00228800, 0x00228800, 0x00228800, 0x00228800, 0x00228800, 0x00228800, 0x00228800, 0x00228800, 0x00228800,
    0x00228800, 0x00228800, 0x00228800, 0x00228800, 0x00228800, 0x00228800, 0x00228800, 0x00228800, 0x00228800, 0x00228800, 0x00228800, 0x00218400,
    0x00111111, 0x00111111, 0x00111111, 0x00010101, 0x00000000, 0x00000000, 0x00000000, 0x00000000, 0xFF000000, 0xFF000000, 0xFF000000, 0xFF000000,
    0xFF000000, 0xFF000000, 0xFF000000, 0xFF000000, 0xFF000000, 0xFF000000, 0xFF000000, 0xFF000000, 0xFF000000, 0xFF000000, 0xFF000000, 0xFF000000,
    0xFF000000, 0xFF000000, 0x00000000, 0x00000000, 0x00000000, 0x00000000, 0x00111111, 0x00111111, 0x00111111, 0x00111111, 0x00228800, 0x00228800,
    0x00228800, 0x00228800, 0x00228800, 0x00228800, 0x00228800, 0x00228800, 0x00228800, 0x00228800, 0x00228800, 0x00228800, 0x00228800, 0x00228800,
    0x00228800, 0x00228800, 0x00228800, 0x00228800, 0x00228800, 0x00228800, 0x00196600, 0x00228800, 0x00228800, 0x00228800, 0x00228800, 0x00228800,
    0x00228800, 0x00228800, 0x00228800, 0x00228800, 0x00228800, 0x00228800, 0x00228800, 0x00228800, 0x00228800, 0x00228800, 0x00228800, 0x00228800,
    0x00228800, 0x00228800, 0x00228800, 0x00228800, 0x00228800, 0x0096ED91, 0x00228800, 0x00155500, 0x0094E691, 0x00155500, 0x00228800, 0x0096ED91,
    0x00228800, 0x00228800, 0x00228800, 0x00228800, 0x00228800, 0x00228800, 0x00228800, 0x00228800, 0x00228800, 0x00228800, 0x00228800, 0x00228800,
    0x00228800, 0x00228800, 0x00228800, 0x00228800, 0x00228800, 0x00228800, 0x00228800, 0x00228800, 0x00228800, 0x00208100, 0x00208100, 0x00228800,
    0x00228800, 0x00228800, 0x00228800, 0x00228800, 0x00228800, 0x00228800, 0x00228800, 0x00228800, 0x00228800, 0x00228800, 0x00228800, 0x00228800,
    0x00228800, 0x00228800, 0x00228800, 0x00228800, 0x00228800, 0x00228800, 0x00228800, 0x00111111, 0x00111111, 0x00111111, 0x00111111, 0x00000000,
    0x00000000, 0x00000000, 0x00000000, 0xFF000000, 0xFF000000, 0xFF000000, 0xFF000000, 0xFF000000, 0xFF000000, 0xFF000000, 0xFF000000, 0xFF000000,
    0xFF000000, 0xFF000000, 0xFF000000, 0xFF000000, 0xFF000000, 0xFF000000, 0xFF000000, 0xFF000000, 0xFF000000, 0xFF000000, 0xFF000000, 0x00000000,
    0x00000000, 0x00000000, 0x00000000, 0x00111111, 0x00111111, 0x00111111, 0x00184609, 0x00228800, 0x00228800, 0x00228800, 0x00228800, 0x00228800,
    0x00228800, 0x00228800, 0x00228800, 0x00228800, 0x00228800, 0x00228800, 0x00228800, 0x00228800, 0x00228800, 0x00228800, 0x00228800, 0x00228800,
    0x00228800, 0x00228800, 0x00228800, 0x00228800, 0x00228800, 0x00228800, 0x00228800, 0x00228800, 0x00228800, 0x00228800, 0x00228800, 0x00228800,
    0x00228800, 0x00228800, 0x00228800, 0x00228800, 0x00228800, 0x00228800, 0x00228800, 0x00228800, 0x00228800, 0x00228800, 0x00228800, 0x00228800,
    0x00228800, 0x0096ED91, 0x00228800, 0x00155500, 0x0094E691, 0x00155500, 0x00228800, 0x0096ED91, 0x00228800, 0x00228800, 0x00228800, 0x00228800,
    0x00228800, 0x00228800, 0x00228800, 0x00228800, 0x00228800, 0x00228800, 0x00228800, 0x00228800, 0x00228800, 0x00228800, 0x00228800, 0x00228800,
    0x00228800, 0x00228800, 0x00228800, 0x00228800, 0x00228800, 0x00228800, 0x00228800, 0x00228800, 0x00228800, 0x00228800, 0x00228800, 0x00228800,
    0x00228800, 0x00228800, 0x00228800, 0x00228800, 0x00228800, 0x00228800, 0x00228800, 0x00228800, 0x00228800, 0x00228800, 0x00228800, 0x00228800,
    0x00228800, 0x00228800, 0x00111111, 0x00111111, 0x00111111, 0x00111111, 0x00000000, 0x00000000, 0x00000000, 0x00000000, 0xFF000000, 0xFF000000,
    0xFF000000, 0xFF000000, 0xFF000000, 0xFF000000, 0xFF000000, 0xFF000000, 0xFF000000, 0xFF000000, 0xFF000000, 0xFF000000, 0xFF000000, 0xFF000000,
    0xFF000000, 0xFF000000, 0xFF000000, 0xFF000000, 0xFF000000, 0xFF000000, 0xFF000000, 0x00000000, 0x00000000, 0x00000000, 0x00000000, 0x00111111,
    0x00111111, 0x00111111, 0x00111111, 0x00228800, 0x00228800, 0x00228800, 0x00228800, 0x00228800, 0x00228800, 0x00228800, 0x00228800, 0x00228800,
    0x00228800, 0x00228800, 0x00228800, 0x00228800, 0x00228800, 0x00228800, 0x00228800, 0x00228800, 0x00228800, 0x00228800, 0x00228800, 0x00228800,
    0x00228800, 0x00228800, 0x00228800, 0x00228800, 0x00228800, 0x00228800, 0x00228800, 0x00228800, 0x00228800, 0x00228800, 0x00228800, 0x00228800,
    0x00228800, 0x00228800, 0x00228800, 0x00228800, 0x00228800, 0x00228800, 0x00228800, 0x00228800, 0x00228800, 0x0096ED91, 0x00228800, 0x00155500,
    0x0094E691, 0x00155500, 0x00228800, 0x0096ED91, 0x00228800, 0x00228800, 0x00228800, 0x00228800, 0x00228800, 0x00228800, 0x00228800, 0x00228800,
    0x00228800, 0x00228800, 0x00228800, 0x00228800, 0x00228800, 0x00228800, 0x00228800, 0x00228800, 0x00228800, 0x00228800, 0x00228800, 0x00228800,
    0x00228800, 0x00228800, 0x00228800, 0x00228800, 0x00228800, 0x00228800, 0x00228800, 0x00228800, 0x00228800, 0x00228800, 0x00228800, 0x00228800,
    0x00228800, 0x00228800, 0x00228800, 0x00228800, 0x00228800, 0x00228800, 0x00228800, 0x00228800, 0x00228800, 0x001E7103, 0x00111111, 0x00111111,
    0x00111111, 0x00070707, 0x00000000, 0x00000000, 0x00000000, 0x00000000, 0xFF000000, 0xFF000000, 0xFF000000, 0xFF000000, 0xFF000000, 0xFF000000,
    0xFF000000, 0xFF000000, 0xFF000000, 0xFF000000, 0xFF000000, 0xFF000000, 0xFF000000, 0xFF000000, 0xFF000000, 0xFF000000, 0xFF000000, 0xFF000000,
    0xFF000000, 0xFF000000, 0xFF000000, 0xFF000000, 0x00000000, 0x00000000, 0x00000000, 0x00000000, 0x00111111, 0x00111111, 0x00111111, 0x00111111,
    0x00228800, 0x00228800, 0x00228800, 0x00228800, 0x00228800, 0x00228800, 0x00228800, 0x00228800, 0x00228800, 0x00228800, 0x00228800, 0x00228800,
    0x00228800, 0x00228800, 0x00228800, 0x00228800, 0x00228800, 0x00228800, 0x00228800, 0x00228800, 0x00228800, 0x00228800, 0x00228800, 0x00228800,
    0x00228800, 0x00228800, 0x00228800, 0x00228800, 0x00228800, 0x00228800, 0x00228800, 0x00228800, 0x00228800, 0x00228800, 0x00228800, 0x00228800,
    0x00228800, 0x00228800, 0x00228800, 0x00228800, 0x00228800, 0x0096ED91, 0x00228800, 0x00155500, 0x0094E691, 0x00155500, 0x00228800, 0x0096ED91,
    0x00228800, 0x00228800, 0x00228800, 0x00228800, 0x00228800, 0x00228800, 0x00228800, 0x00228800, 0x00228800, 0x00228800, 0x00228800, 0x00228800,
    0x00228800, 0x00228800, 0x00228800, 0x00228800, 0x00228800, 0x00228800, 0x00228800, 0x00228800, 0x00228800, 0x00228800, 0x00228800, 0x00228800,
    0x00228800, 0x00228800, 0x00228800, 0x00228800, 0x00228800, 0x00228800, 0x00228800, 0x00228800, 0x00228800, 0x00228800, 0x00228800, 0x00228800,
    0x00228800, 0x00228800, 0x00228800, 0x00228800, 0x00228800, 0x00111111, 0x00111111, 0x00111111, 0x00111111, 0x00000000, 0x00000000, 0x00000000,
    0x00000000, 0xFF000000, 0xFF000000, 0xFF000000, 0xFF000000, 0xFF000000, 0xFF000000, 0xFF000000, 0xFF000000, 0xFF000000, 0xFF000000, 0xFF000000,
    0xFF000000, 0xFF000000, 0xFF000000, 0xFF000000, 0xFF000000, 0xFF000000, 0xFF000000, 0xFF000000, 0xFF000000, 0xFF000000, 0xFF000000, 0xFF000000,
    0x00000000, 0x00000000, 0x00000000, 0x00000000, 0x00000000, 0x00111111, 0x00111111, 0x00111111, 0x00111111, 0x00228800, 0x00228800, 0x00228800,
    0x00228800, 0x00228800, 0x00228800, 0x00228800, 0x00228800, 0x00228800, 0x00228800, 0x00228800, 0x00228800, 0x00228800, 0x00228800, 0x00228800,
    0x00228800, 0x00228800, 0x00228800, 0x00228800, 0x00228800, 0x00228800, 0x00228800, 0x00228800, 0x00228800, 0x00228800, 0x00228800, 0x00228800,
    0x00228800, 0x00228800, 0x00228800, 0x00228800, 0x00228800, 0x00228800, 0x00228800, 0x00228800, 0x00228800, 0x00228800, 0x00228800, 0x00228800,
    0x00228800, 0x0096ED91, 0x00228800, 0x00155500, 0x0094E691, 0x00155500, 0x00228800, 0x0096ED91, 0x00228800, 0x00228800, 0x00228800, 0x00228800,
    0x00228800, 0x00228800, 0x00228800, 0x00228800, 0x00228800, 0x00228800, 0x00228800, 0x00228800, 0x00228800, 0x00228800, 0x00228800, 0x00228800,
    0x00228800, 0x00228800, 0x00228800, 0x00228800, 0x00228800, 0x00228800, 0x00228800, 0x00228800, 0x00228800, 0x00228800, 0x00228800, 0x00228800,
    0x00228800, 0x00228800, 0x00228800, 0x00228800, 0x00228800, 0x00228800, 0x00228800, 0x00228800, 0x00228800, 0x00228800, 0x00228800, 0x00228800,
    0x00111111, 0x00111111, 0x00111111, 0x00111111, 0x00000000, 0x00000000, 0x00000000, 0x00000000, 0x00000000, 0xFF000000, 0xFF000000, 0xFF000000,
    0xFF000000, 0xFF000000, 0xFF000000, 0xFF000000, 0xFF000000, 0xFF000000, 0xFF000000, 0xFF000000, 0xFF000000, 0xFF000000, 0xFF000000, 0xFF000000,
    0xFF000000, 0xFF000000, 0xFF000000, 0xFF000000, 0xFF000000, 0xFF000000, 0xFF000000, 0xFF000000, 0xFF000000, 0x00000000, 0x00000000, 0x00000000,
    0x00000000, 0x000A0A0A, 0x00111111, 0x00111111, 0x00111111, 0x0013200F, 0x00228800, 0x00228800, 0x00228800, 0x00228800, 0x00228800, 0x00228800,
    0x00228800, 0x00228800, 0x00228800, 0x00228800, 0x00228800, 0x00228800, 0x00228800, 0x00228800, 0x00228800, 0x00228800, 0x00228800, 0x00228800,
    0x00228800, 0x00228800, 0x00228800, 0x00228800, 0x00228800, 0x00228800, 0x00228800, 0x00228800, 0x00228800, 0x00228800, 0x00228800, 0x00228800,
    0x00228800, 0x00228800, 0x00228800, 0x00228800, 0x00228800, 0x00228800, 0x00228800, 0x00228800, 0x00228800, 0x0096ED91, 0x00228800, 0x00155500,
    0x0094E691, 0x00155500, 0x00228800, 0x0096ED91, 0x00228800, 0x00228800, 0x00228800, 0x00228800, 0x00228800, 0x00228800, 0x00228800, 0x00228800,
    0x00228800, 0x00228800, 0x00228800, 0x00228800, 0x00228800, 0x00228800, 0x00228800, 0x00228800, 0x00228800, 0x00228800, 0x00228800, 0x00228800,
    0x00228800, 0x00228800, 0x00228800, 0x00228800, 0x00228800, 0x00228800, 0x00228800, 0x00228800, 0x00228800, 0x00228800, 0x00228800, 0x00228800,
    0x00228800, 0x00228800, 0x00228800, 0x00228800, 0x00228800, 0x00228800, 0x00228800, 0x00111111, 0x00111111, 0x00111111, 0x00111111, 0x00000000,
    0x00000000, 0x00000000, 0x00000000, 0x00000000, 0xFF000000, 0xFF000000, 0xFF000000, 0xFF000000, 0xFF000000, 0xFF000000, 0xFF000000, 0xFF000000,
    0xFF000000, 0xFF000000, 0xFF000000, 0xFF000000, 0xFF000000, 0xFF000000, 0xFF000000, 0xFF000000, 0xFF000000, 0xFF000000, 0xFF000000, 0xFF000000,
    0xFF000000, 0xFF000000, 0xFF000000, 0xFF000000, 0xFF000000, 0xFF000000, 0x00000000, 0x00000000, 0x00000000, 0x00000000, 0x00111111, 0x00111111,
    0x00111111, 0x00111111, 0x001C6205, 0x00228800, 0x00228800, 0x00228800, 0x00228800, 0x00228800, 0x00228800, 0x00228800, 0x00228800, 0x00228800,
    0x00228800, 0x00228800, 0x00228800, 0x00228800, 0x00228800, 0x00228800, 0x00228800, 0x00228800, 0x00228800, 0x00228800, 0x00228800, 0x00228800,
    0x00228800, 0x00228800, 0x00228800, 0x00228800, 0x00228800, 0x00228800, 0x00228800, 0x00228800, 0x00228800, 0x00228800, 0x00228800, 0x00228800,
    0x00228800, 0x00228800, 0x00228800, 0x00228800, 0x00228800, 0x0096ED91, 0x00228800, 0x00155500, 0x0094E691, 0x00155500, 0x00228800, 0x0096ED91,
    0x00228800, 0x00228800, 0x00228800, 0x00228800, 0x00228800, 0x00228800, 0x00228800, 0x00228800, 0x00228800, 0x00228800, 0x00228800, 0x00228800,
    0x00228800, 0x00228800, 0x00228800, 0x00228800, 0x00228800, 0x00228800, 0x00228800, 0x00228800, 0x00228800, 0x00228800, 0x00228800, 0x00228800,
    0x00228800, 0x00228800, 0x00228800, 0x00228800, 0x00228800, 0x00228800, 0x00228800, 0x00228800, 0x00228800, 0x00228800, 0x00228800, 0x00228800,
    0x00228800, 0x00228800, 0x00111311, 0x00111111, 0x00111111, 0x00111111, 0x000B0B0B, 0x00000000, 0x00000000, 0x00000000, 0x00000000, 0xFF000000,
    0xFF000000, 0xFF000000, 0xFF000000, 0xFF000000, 0xFF000000, 0xFF000000, 0xFF000000, 0xFF000000, 0xFF000000, 0xFF000000, 0xFF000000, 0xFF000000,
    0xFF000000, 0xFF000000, 0xFF000000, 0xFF000000, 0xFF000000, 0xFF000000, 0xFF000000, 0xFF000000, 0xFF000000, 0xFF000000, 0xFF000000, 0xFF000000,
    0xFF000000, 0xFF000000, 0xFF000000, 0x00000000, 0x00000000, 0x00000000, 0x00000000, 0x00111111, 0x00111111, 0x00111111, 0x00111111, 0x00218301,
    0x00228800, 0x00228800, 0x00228800, 0x00228800, 0x00228800, 0x00228800, 0x00228800, 0x00228800, 0x00228800, 0x00228800, 0x00228800, 0x00228800,
    0x00228800, 0x00228800, 0x00228800, 0x00228800, 0x00228800, 0x00228800, 0x00228800, 0x00228800, 0x00228800, 0x00228800, 0x00228800, 0x00228800,
    0x00228800, 0x00228800, 0x00228800, 0x00228800, 0x00228800, 0x00228800, 0x00228800, 0x00228800, 0x00228800, 0x00228800, 0x00228800, 0x00228800,
    0x00228800, 0x0096ED91, 0x00228800, 0x00155500, 0x0094E691, 0x00155500, 0x00228800, 0x0096ED91, 0x00228800, 0x00228800, 0x00228800, 0x00228800,
    0x00228800, 0x00228800, 0x00228800, 0x00228800, 0x00228800, 0x00228800, 0x00228800, 0x00228800, 0x00228800, 0x00228800, 0x00228800, 0x00228800,
    0x00228800, 0x00228800, 0x00228800, 0x00228800, 0x00228800, 0x00228800, 0x00228800, 0x00228800, 0x00228800, 0x00228800, 0x00228800, 0x00228800,
    0x00228800, 0x00228800, 0x00228800, 0x00228800, 0x00228800, 0x00228800, 0x00228800, 0x00228800, 0x00228800, 0x00152C0D, 0x00111111, 0x00111111,
    0x00111111, 0x00111111, 0x00000000, 0x00000000, 0x00000000, 0x00000000, 0xFF000000, 0xFF000000, 0xFF000000, 0xFF000000, 0xFF000000, 0xFF000000,
    0xFF000000, 0xFF000000, 0xFF000000, 0xFF000000, 0xFF000000, 0xFF000000, 0xFF000000, 0xFF000000, 0xFF000000, 0xFF000000, 0xFF000000, 0xFF000000,
    0xFF000000, 0xFF000000, 0xFF000000, 0xFF000000, 0xFF000000, 0xFF000000, 0xFF000000, 0xFF000000, 0xFF000000, 0xFF000000, 0xFF000000, 0x00000000,
    0x00000000, 0x00000000, 0x00000000, 0x00000000, 0x00111111, 0x00111111, 0x00111111, 0x00111111, 0x00228700, 0x00228800, 0x00228800, 0x00228800,
    0x00228800, 0x00228800, 0x00228800, 0x00228800, 0x00228800, 0x00228800, 0x00228800, 0x00228800, 0x00228800, 0x00228800, 0x00228800, 0x00228800,
    0x00228800, 0x00228800, 0x00228800, 0x00228800, 0x00228800, 0x00228800, 0x00228800, 0x00228800, 0x00228800, 0x00228800, 0x00228800, 0x00228800,
    0x00228800, 0x00228800, 0x00228800, 0x00228800, 0x00228800, 0x00228800, 0x00228800, 0x00228800, 0x00228800, 0x0096ED91, 0x00228800, 0x00155500,
    0x0094E691, 0x00155500, 0x00228800, 0x0096ED91, 0x00228800, 0x00228800, 0x00228800, 0x00228800, 0x00228800, 0x00228800, 0x00228800, 0x00228800,
    0x00228800, 0x00228800, 0x00228800, 0x00228800, 0x00228800, 0x00228800, 0x00228800, 0x00228800, 0x00228800, 0x00228800, 0x00228800, 0x00228800,
    0x00228800, 0x00228800, 0x00228800, 0x00228800, 0x00228800, 0x00228800, 0x00228800, 0x00228800, 0x00228800, 0x00228800, 0x00228800, 0x00228800,
    0x00228800, 0x00228800, 0x00228800, 0x00228800, 0x0018430A, 0x00111111, 0x00111111, 0x00111111, 0x00111111, 0x00000000, 0x00000000, 0x00000000,
    0x00000000, 0x00000000, 0xFF000000, 0xFF000000, 0xFF000000, 0xFF000000, 0xFF000000, 0xFF000000, 0xFF000000, 0xFF000000, 0xFF000000, 0xFF000000,
    0xFF000000, 0xFF000000, 0xFF000000, 0xFF000000, 0xFF000000, 0xFF000000, 0xFF000000, 0xFF000000, 0xFF000000, 0xFF000000, 0xFF000000, 0xFF000000,
    0xFF000000, 0xFF000000, 0xFF000000, 0xFF000000, 0xFF000000, 0xFF000000, 0xFF000000, 0xFF000000, 0x00000000, 0x00000000, 0x00000000, 0x00000000,
    0x00000000, 0x00111111, 0x00111111, 0x00111111, 0x00111111, 0x00228700, 0x00228800, 0x00228800, 0x00228800, 0x00228800, 0x00228800, 0x00228800,
    0x00228800, 0x00228800, 0x00228800, 0x00228800, 0x00228800, 0x00228800, 0x00228800, 0x00228800, 0x00228800, 0x00228800, 0x00228800, 0x00228800,
    0x00228800, 0x00228800, 0x00228800, 0x00228800, 0x00228800, 0x00228800, 0x00228800, 0x00228800, 0x00228800, 0x00228800, 0x00228800, 0x00228800,
    0x00228800, 0x00228800, 0x00228800, 0x00228800, 0x00228800, 0x0096ED91, 0x00228800, 0x00155500, 0x0094E691, 0x00155500, 0x00228800, 0x0096ED91,
    0x00228800, 0x00228800, 0x00228800, 0x00228800, 0x00228800, 0x00228800, 0x00228800, 0x00228800, 0x00228800, 0x00228800, 0x00228800, 0x00228800,
    0x00228800, 0x00228800, 0x00228800, 0x00228800, 0x00228800, 0x00228800, 0x00228800, 0x00228800, 0x00228800, 0x00228800, 0x00228800, 0x00228800,
    0x00228800, 0x00228800, 0x00228800, 0x00228800, 0x00228800, 0x00228800, 0x00228800, 0x00228800, 0x00228800, 0x00228800, 0x00228800, 0x0019450A,
    0x00111111, 0x00111111, 0x00111111, 0x00111111, 0x00000000, 0x00000000, 0x00000000, 0x00000000, 0x00000000, 0xFF000000, 0xFF000000, 0xFF000000,
    0xFF000000, 0xFF000000, 0xFF000000, 0xFF000000, 0xFF000000, 0xFF000000, 0xFF000000, 0xFF000000, 0xFF000000, 0xFF000000, 0xFF000000, 0xFF000000,
    0xFF000000, 0xFF000000, 0xFF000000, 0xFF000000, 0xFF000000, 0xFF000000, 0xFF000000, 0xFF000000, 0xFF000000, 0xFF000000, 0xFF000000, 0xFF000000,
    0xFF000000, 0xFF000000, 0xFF000000, 0xFF000000, 0xFF000000, 0x00000000, 0x00000000, 0x00000000, 0x00000000, 0x00000000, 0x00111111, 0x00111111,
    0x00111111, 0x00111111, 0x00207F01, 0x00228800, 0x00228800, 0x00228800, 0x00228800, 0x00228800, 0x00228800, 0x00228800, 0x00228800, 0x00228800,
    0x00228800, 0x00228800, 0x00228800, 0x00228800, 0x00228800, 0x00228800, 0x00228800, 0x00228800, 0x00228800, 0x00228800, 0x00228800, 0x00228800,
    0x00228800, 0x00228800, 0x00228800, 0x00228800, 0x00228800, 0x00228800, 0x00228800, 0x00228800, 0x00228800, 0x00228800, 0x00228800, 0x00228800,
    0x00228800, 0x0096ED91, 0x00228800, 0x00155500, 0x0094E691, 0x00155500, 0x00228800, 0x0096ED91, 0x00228800, 0x00228800, 0x00228800, 0x00228800,
    0x00228800, 0x00228800, 0x00228800, 0x00228800, 0x00228800, 0x00228800, 0x00228800, 0x00228800, 0x00228800, 0x00228800, 0x00228800, 0x00228800,
    0x00228800, 0x00228800, 0x00228800, 0x00228800, 0x00228800, 0x00228800, 0x00228800, 0x00228800, 0x00228800, 0x00228800, 0x00228800, 0x00228800,
    0x00228800, 0x00228800, 0x00228800, 0x00228800, 0x00228800, 0x00228800, 0x00152C0D, 0x00111111, 0x00111111, 0x00111111, 0x00111111, 0x00000000,
    0x00000000, 0x00000000, 0x00000000, 0x00000000, 0xFF000000, 0xFF000000, 0xFF000000, 0xFF000000, 0xFF000000, 0xFF000000, 0xFF000000, 0xFF000000,
    0xFF000000, 0xFF000000, 0xFF000000, 0xFF000000, 0xFF000000, 0xFF000000, 0xFF000000, 0xFF000000, 0xFF000000, 0xFF000000, 0xFF000000, 0xFF000000,
    0xFF000000, 0xFF000000, 0xFF000000, 0xFF000000, 0xFF000000, 0xFF000000, 0xFF000000, 0xFF000000, 0xFF000000, 0xFF000000, 0xFF000000, 0xFF000000,
    0xFF000000, 0xFF000000, 0x00000000, 0x00000000, 0x00000000, 0x00000000, 0x00000000, 0x00111111, 0x00111111, 0x00111111, 0x00111111, 0x001B5707,
    0x00228800, 0x00228800, 0x00228800, 0x00228800, 0x00228800, 0x00228800, 0x00228800, 0x00228800, 0x00228800, 0x00228800, 0x00228800, 0x00228800,
    0x00228800, 0x00228800, 0x00228800, 0x00228800, 0x00228800, 0x00228800, 0x00228800, 0x00228800, 0x00228800, 0x00228800, 0x00228800, 0x00228800,
    0x00228800, 0x00228800, 0x00228800, 0x00228800, 0x00228800, 0x00228800, 0x00228800, 0x00228800, 0x00228800, 0x0096ED91, 0x00228800, 0x00155500,
    0x0094E691, 0x00155500, 0x00228800, 0x0096ED91, 0x00228800, 0x00228800, 0x00228800, 0x00228800, 0x00228800, 0x00228800, 0x00228800, 0x00228800,
    0x00228800, 0x00228800, 0x00228800, 0x00228800, 0x00228800, 0x00228800, 0x00228800, 0x00228800, 0x00228800, 0x00228800, 0x00228800, 0x00228800,
    0x00228800, 0x00228800, 0x00228800, 0x00228800, 0x00228800, 0x00228800, 0x00228800, 0x00228800, 0x00228800, 0x00228800, 0x00228800, 0x00228800,
    0x00228800, 0x00121311, 0x00111111, 0x00111111, 0x00111111, 0x00111111, 0x00000000, 0x00000000, 0x00000000, 0x00000000, 0x00000000, 0xFF000000,
    0xFF000000, 0xFF000000, 0xFF000000, 0xFF000000, 0xFF000000, 0xFF000000, 0xFF000000, 0xFF000000, 0xFF000000, 0xFF000000, 0xFF000000, 0xFF000000,
    0xFF000000, 0xFF000000, 0xFF000000, 0xFF000000, 0xFF000000, 0xFF000000, 0xFF000000, 0xFF000000, 0xFF000000, 0xFF000000, 0xFF000000, 0xFF000000,
    0xFF000000, 0xFF000000, 0xFF000000, 0xFF000000, 0xFF000000, 0xFF000000, 0xFF000000, 0xFF000000, 0xFF000000, 0xFF000000, 0xFF000000, 0x00000000,
    0x00000000, 0x00000000, 0x00000000, 0x00000000, 0x00111111, 0x00111111, 0x00111111, 0x00111111, 0x00121610, 0x00228800, 0x00228800, 0x00228800,
    0x00228800, 0x00228800, 0x00228800, 0x00228800, 0x00228800, 0x00228800, 0x00228800, 0x00228800, 0x00228800, 0x00228800, 0x00228800, 0x00228800,
    0x00228800, 0x00228800, 0x00228800, 0x00228800, 0x00228800, 0x00228800, 0x00228800, 0x00228800, 0x00228800, 0x00228800, 0x00228800, 0x00228800,
    0x00228800, 0x00228800, 0x00228800, 0x00228800, 0x00228800, 0x0096ED91, 0x00228800, 0x00155500, 0x0094E691, 0x00155500, 0x00228800, 0x0096ED91,
    0x00228800, 0x00228800, 0x00228800, 0x00228800, 0x00228800, 0x00228800, 0x00228800, 0x00228800, 0x00228800, 0x00228800, 0x00228800, 0x00228800,
    0x00228800, 0x00228800, 0x00228800, 0x00228800, 0x00228800, 0x00228800, 0x00228800, 0x00228800, 0x00228800, 0x00228800, 0x00228800, 0x00228800,
    0x00228800, 0x00228800, 0x00228800, 0x00228800, 0x00228800, 0x00228800, 0x00228800, 0x00228800, 0x00111111, 0x00111111, 0x00111111, 0x00111111,
    0x00111111, 0x00000000, 0x00000000, 0x00000000, 0x00000000, 0x00000000, 0xFF000000, 0xFF000000, 0xFF000000, 0xFF000000, 0xFF000000, 0xFF000000,
    0xFF000000, 0xFF000000, 0xFF000000, 0xFF000000, 0xFF000000, 0xFF000000, 0xFF000000, 0xFF000000, 0xFF000000, 0xFF000000, 0xFF000000, 0xFF000000,
    0xFF000000, 0xFF000000, 0xFF000000, 0xFF000000, 0xFF000000, 0xFF000000, 0xFF000000, 0xFF000000, 0xFF000000, 0xFF000000, 0xFF000000, 0xFF000000,
    0xFF000000, 0xFF000000, 0xFF000000, 0xFF000000, 0xFF000000, 0xFF000000, 0xFF000000, 0xFF000000, 0x00000000, 0x00000000, 0x00000000, 0x00000000,
    0x00000000, 0x00111111, 0x00111111, 0x00111111, 0x00111111, 0x00111111, 0x00228800, 0x00228800, 0x00228800, 0x00228800, 0x00228800, 0x00228800,
    0x00228800, 0x00228800, 0x00228800, 0x00228800, 0x00228800, 0x00228800, 0x00228800, 0x00228800, 0x00228800, 0x00228800, 0x00228800, 0x00228800,
    0x00228800, 0x00228800, 0x00228800, 0x00228800, 0x00228800, 0x00228800, 0x00228800, 0x00228800, 0x00228800, 0x00228800, 0x00228800, 0x00228800,
    0x00228800, 0x0096ED91, 0x00228800, 0x00155500, 0x0094E691, 0x00155500, 0x00228800, 0x0096ED91, 0x00228800, 0x00228800, 0x00228800, 0x00228800,
    0x00228800, 0x00228800, 0x00228800, 0x00228800, 0x00228800, 0x00228800, 0x00228800, 0x00228800, 0x00228800, 0x00228800, 0x00228800, 0x00228800,
    0x00228800, 0x00228800, 0x00228800, 0x00228800, 0x00228800, 0x00228800, 0x00228800, 0x00228800, 0x00228800, 0x00228800, 0x00228800, 0x00228800,
    0x00228800, 0x00228800, 0x00228800, 0x00111111, 0x00111111, 0x00111111, 0x00111111, 0x00111111, 0x00000000, 0x00000000, 0x00000000, 0x00000000,
    0x00000000, 0xFF000000, 0xFF000000, 0xFF000000, 0xFF000000, 0xFF000000, 0xFF000000, 0xFF000000, 0xFF000000, 0xFF000000, 0xFF000000, 0xFF000000,
    0xFF000000, 0xFF000000, 0xFF000000, 0xFF000000, 0xFF000000, 0xFF000000, 0xFF000000, 0xFF000000, 0xFF000000, 0xFF000000, 0xFF000000, 0xFF000000,
    0xFF000000, 0xFF000000, 0xFF000000, 0xFF000000, 0xFF000000, 0xFF000000, 0xFF000000, 0xFF000000, 0xFF000000, 0xFF000000, 0xFF000000, 0xFF000000,
    0xFF000000, 0xFF000000, 0xFF000000, 0xFF000000, 0xFF000000, 0x00000000, 0x00000000, 0x00000000, 0x00000000, 0x00000000, 0x00111111, 0x00111111,
    0x00111111, 0x00111111, 0x00111111, 0x00228800, 0x00228800, 0x00228800, 0x00228800, 0x00228800, 0x00228800, 0x00228800, 0x00228800, 0x00228800,
    0x00228800, 0x00228800, 0x00228800, 0x00228800, 0x00228800, 0x00228800, 0x00228800, 0x00228800, 0x00228800, 0x00228800, 0x00228800, 0x00228800,
    0x00228800, 0x00228800, 0x00228800, 0x00228800, 0x00228800, 0x00228800, 0x00228800, 0x00228800, 0x00228800, 0x0096ED91, 0x00228800, 0x00155500,
    0x0094E691, 0x00155500, 0x00228800, 0x0096ED91, 0x00228800, 0x00228800, 0x00228800, 0x00228800, 0x00228800, 0x00228800, 0x00228800, 0x00228800,
    0x00228800, 0x00228800, 0x00228800, 0x00228800, 0x00228800, 0x00228800, 0x00228800, 0x00228800, 0x00228800, 0x00228800, 0x00228800, 0x00228800,
    0x00228800, 0x00228800, 0x00228800, 0x00228800, 0x00228800, 0x00228800, 0x00228800, 0x00228800, 0x00228800, 0x001F7403, 0x00111111, 0x00111111,
    0x00111111, 0x00111111, 0x00111111, 0x00000000, 0x00000000, 0x00000000, 0x00000000, 0x00000000, 0xFF000000, 0xFF000000, 0xFF000000, 0xFF000000,
    0xFF000000, 0xFF000000, 0xFF000000, 0xFF000000, 0xFF000000, 0xFF000000, 0xFF000000, 0xFF000000, 0xFF000000, 0xFF000000, 0xFF000000, 0xFF000000,
    0xFF000000, 0xFF000000, 0xFF000000, 0xFF000000, 0xFF000000, 0xFF000000, 0xFF000000, 0xFF000000, 0xFF000000, 0xFF000000, 0xFF000000, 0xFF000000,
    0xFF000000, 0xFF000000, 0xFF000000, 0xFF000000, 0xFF000000, 0xFF000000, 0xFF000000, 0xFF000000, 0xFF000000, 0xFF000000, 0xFF000000, 0xFF000000,
    0xFF000000, 0xFF000000, 0x00000000, 0x00000000, 0x00000000, 0x00000000, 0x00000000, 0x00111111, 0x00111111, 0x00111111, 0x00111111, 0x00111111,
    0x0013240E, 0x00228800, 0x00228800, 0x00228800, 0x00228800, 0x00228800, 0x00228800, 0x00228800, 0x00228800, 0x00228800, 0x00228800, 0x00228800,
    0x00228800, 0x00228800, 0x00228800, 0x00228800, 0x00228800, 0x00228800, 0x00228800, 0x00228800, 0x00228800, 0x00228800, 0x00228800, 0x00228800,
    0x00228800, 0x00228800, 0x00228800, 0x00228800, 0x00228800, 0x0096ED91, 0x00228800, 0x00155500, 0x0094E691, 0x00155500, 0x00228800, 0x0096ED91,
    0x00228800, 0x00228800, 0x00228800, 0x00228800, 0x00228800, 0x00228800, 0x00228800, 0x00228800, 0x00228800, 0x00228800, 0x00228800, 0x00228800,
    0x00228800, 0x00228800, 0x00228800, 0x00228800, 0x00228800, 0x00228800, 0x00228800, 0x00228800, 0x00228800, 0x00228800, 0x00228800, 0x00228800,
    0x00228800, 0x00228800, 0x00228800, 0x00228800, 0x00111111, 0x00111111, 0x00111111, 0x00111111, 0x00111111, 0x000B0B0B, 0x00000000, 0x00000000,
    0x00000000, 0x00000000, 0x00000000, 0xFF000000, 0xFF000000, 0xFF000000, 0xFF000000, 0xFF000000, 0xFF000000, 0xFF000000, 0xFF000000, 0xFF000000,
    0xFF000000, 0xFF000000, 0xFF000000, 0xFF000000, 0xFF000000, 0xFF000000, 0xFF000000, 0xFF000000, 0xFF000000, 0xFF000000, 0xFF000000, 0xFF000000,
    0xFF000000, 0xFF000000, 0xFF000000, 0xFF000000, 0xFF000000, 0xFF000000, 0xFF000000, 0xFF000000, 0xFF000000, 0xFF000000, 0xFF000000, 0xFF000000,
    0xFF000000, 0xFF000000, 0xFF000000, 0xFF000000, 0xFF000000, 0xFF000000, 0xFF000000, 0xFF000000, 0xFF000000, 0xFF000000, 0xFF000000, 0x00000000,
    0x00000000, 0x00000000, 0x00000000, 0x00000000, 0x00060606, 0x00111111, 0x00111111, 0x00111111, 0x00111111, 0x00111111, 0x00228800, 0x00228800,
    0x00228800, 0x00228800, 0x00228800, 0x00228800, 0x00228800, 0x00228800, 0x00228800, 0x00228800, 0x00228800, 0x00228800, 0x00228800, 0x00228800,
    0x00228800, 0x00228800, 0x00228800, 0x00228800, 0x00228800, 0x00228800, 0x00228800, 0x00228800, 0x00228800, 0x00228800, 0x00228800, 0x00228800,
    0x00228800, 0x0096ED91, 0x00228800, 0x00155500, 0x0094E691, 0x00155500, 0x00228800, 0x0096ED91, 0x00228800, 0x00228800, 0x00228800, 0x00228800,
    0x00228800, 0x00228800, 0x00228800, 0x00228800, 0x00228800, 0x00228800, 0x00228800, 0x00228800, 0x00228800, 0x00228800, 0x00228800, 0x00228800,
    0x00228800, 0x00228800, 0x00228800, 0x00228800, 0x00228800, 0x00228800, 0x00228800, 0x00228800, 0x00228800, 0x00228800, 0x00218400, 0x00111111,
    0x00111111, 0x00111111, 0x00111111, 0x00111111, 0x00000000, 0x00000000, 0x00000000, 0x00000000, 0x00000000, 0x00000000, 0xFF000000, 0xFF000000,
    0xFF000000, 0xFF000000, 0xFF000000, 0xFF000000, 0xFF000000, 0xFF000000, 0xFF000000, 0xFF000000, 0xFF000000, 0xFF000000, 0xFF000000, 0xFF000000,
    0xFF000000, 0xFF000000, 0xFF000000, 0xFF000000, 0xFF000000, 0xFF000000, 0xFF000000, 0xFF000000, 0xFF000000, 0xFF000000, 0xFF000000, 0xFF000000,
    0xFF000000, 0xFF000000, 0xFF000000, 0xFF000000, 0xFF000000, 0xFF000000, 0xFF000000, 0xFF000000, 0xFF000000, 0xFF000000, 0xFF000000, 0xFF000000,
    0xFF000000, 0xFF000000, 0xFF000000, 0xFF000000, 0xFF000000, 0xFF000000, 0xFF000000, 0xFF000000, 0x00000000, 0x00000000, 0x00000000, 0x00000000,
    0x00000000, 0x00000000, 0x00111111, 0x00111111, 0x00111111, 0x00111111, 0x00111111, 0x00121411, 0x00228800, 0x00228800, 0x00228800, 0x00228800,
    0x00228800, 0x00228800, 0x00228800, 0x00228800, 0x00228800, 0x00228800, 0x00228800, 0x00228800, 0x00228800, 0x00228800, 0x00228800, 0x00228800,
    0x00228800, 0x00228800, 0x00228800, 0x00228800, 0x00228800, 0x00228800, 0x00228800, 0x00228800, 0x00228800, 0x0096ED91, 0x00228800, 0x00155500,
    0x0094E691, 0x00155500, 0x00228800, 0x0096ED91, 0x00228800, 0x00228800, 0x00228800, 0x00228800, 0x00228800, 0x00228800, 0x00228800, 0x00228800,
    0x00228800, 0x00228800, 0x00228800, 0x00228800, 0x00228800, 0x00228800, 0x00228800, 0x00228800, 0x00228800, 0x00228800, 0x00228800, 0x00228800,
    0x00228800, 0x00228800, 0x00228800, 0x00228800, 0x00228800, 0x00111111, 0x00111111, 0x00111111, 0x00111111, 0x00111111, 0x00111111, 0x00000000,
    0x00000000, 0x00000000, 0x00000000, 0x00000000, 0x00000000, 0xFF000000, 0xFF000000, 0xFF000000, 0xFF000000, 0xFF000000, 0xFF000000, 0xFF000000,
    0xFF000000, 0xFF000000, 0xFF000000, 0xFF000000, 0xFF000000, 0xFF000000, 0xFF000000, 0xFF000000, 0xFF000000, 0xFF000000, 0xFF000000, 0xFF000000,
    0xFF000000, 0xFF000000, 0xFF000000, 0xFF000000, 0xFF000000, 0xFF000000, 0xFF000000, 0xFF000000, 0xFF000000, 0xFF000000, 0xFF000000, 0xFF000000,
    0xFF000000, 0xFF000000, 0xFF000000, 0xFF000000, 0xFF000000, 0xFF000000, 0xFF000000, 0xFF000000, 0xFF000000, 0xFF000000, 0xFF000000, 0xFF000000,
    0xFF000000, 0xFF000000, 0xFF000000, 0xFF000000, 0xFF000000, 0x00000000, 0x00000000, 0x00000000, 0x00000000, 0x00000000, 0x00000000, 0x00101010,
    0x00111111, 0x00111111, 0x00111111, 0x00111111, 0x00111111, 0x001B5B06, 0x00228800, 0x00228800, 0x00228800, 0x00228800, 0x00228800, 0x00228800,
    0x00228800, 0x00228800, 0x00228800, 0x00228800, 0x00228800, 0x00228800, 0x00228800, 0x00228800, 0x00228800, 0x00228800, 0x00228800, 0x00228800,
    0x00228800, 0x00228800, 0x00228800, 0x00228800, 0x00228800, 0x0096ED91, 0x00228800, 0x00155500, 0x0094E691, 0x00155500, 0x00228800, 0x0096ED91,
    0x00228800, 0x00228800, 0x00228800, 0x00228800, 0x00228800, 0x00228800, 0x00228800, 0x00228800, 0x00228800, 0x00228800, 0x00228800, 0x00228800,
    0x00228800, 0x00228800, 0x00228800, 0x00228800, 0x00228800, 0x00228800, 0x00228800, 0x00228800, 0x00228800, 0x00228800, 0x00228800, 0x00121D0F,
    0x00111111, 0x00111111, 0x00111111, 0x00111111, 0x00111111, 0x00070707, 0x00000000, 0x00000000, 0x00000000, 0x00000000, 0x00000000, 0x00000000,
    0xFF000000, 0xFF000000, 0xFF000000, 0xFF000000, 0xFF000000, 0xFF000000, 0xFF000000, 0xFF000000, 0xFF000000, 0xFF000000, 0xFF000000, 0xFF000000,
    0xFF000000, 0xFF000000, 0xFF000000, 0xFF000000, 0xFF000000, 0xFF000000, 0xFF000000, 0xFF000000, 0xFF000000, 0xFF000000, 0xFF000000, 0xFF000000,
    0xFF000000, 0xFF000000, 0xFF000000, 0xFF000000, 0xFF000000, 0xFF000000, 0xFF000000, 0xFF000000, 0xFF000000, 0xFF000000, 0xFF000000, 0xFF000000,
    0xFF000000, 0xFF000000, 0xFF000000, 0xFF000000, 0xFF000000, 0xFF000000, 0xFF000000, 0xFF000000, 0xFF000000, 0xFF000000, 0xFF000000, 0xFF000000,
    0xFF000000, 0xFF000000, 0xFF000000, 0x00000000, 0x00000000, 0x00000000, 0x00000000, 0x00000000, 0x00000000, 0x00111111, 0x00111111, 0x00111111,
    0x00111111, 0x00111111, 0x00111111, 0x001E7103, 0x00228800, 0x00228800, 0x00228800, 0x00228800, 0x00228800, 0x00228800, 0x00228800, 0x00228800,
    0x00228800, 0x00228800, 0x00228800, 0x00228800, 0x00228800, 0x00228800, 0x00228800, 0x00228800, 0x00228800, 0x00228800, 0x00228800, 0x00228800,
    0x00228800, 0x0096ED91, 0x00228800, 0x00155500, 0x0094E691, 0x00155500, 0x00228800, 0x0096ED91, 0x00228800, 0x00228800, 0x00228800, 0x00228800,
    0x00228800, 0x00228800, 0x00228800, 0x00228800, 0x00228800, 0x00228800, 0x00228800, 0x00228800, 0x00228800, 0x00228800, 0x00228800, 0x00228800,
    0x00228800, 0x00228800, 0x00228800, 0x00228800, 0x00228800, 0x00173D0B, 0x00111111, 0x00111111, 0x00111111, 0x00111111, 0x00111111, 0x00111111,
    0x00000000, 0x00000000, 0x00000000, 0x00000000, 0x00000000, 0x00000000, 0xFF000000, 0xFF000000, 0xFF000000, 0xFF000000, 0xFF000000, 0xFF000000,
    0xFF000000, 0xFF000000, 0xFF000000, 0xFF000000, 0xFF000000, 0xFF000000, 0xFF000000, 0xFF000000, 0xFF000000, 0xFF000000, 0xFF000000, 0xFF000000,
    0xFF000000, 0xFF000000, 0xFF000000, 0xFF000000, 0xFF000000, 0xFF000000, 0xFF000000, 0xFF000000, 0xFF000000, 0xFF000000, 0xFF000000, 0xFF000000,
    0xFF000000, 0xFF000000, 0xFF000000, 0xFF000000, 0xFF000000, 0xFF000000, 0xFF000000, 0xFF000000, 0xFF000000, 0xFF000000, 0xFF000000, 0xFF000000,
    0xFF000000, 0xFF000000, 0xFF000000, 0xFF000000, 0xFF000000, 0xFF000000, 0xFF000000, 0xFF000000, 0xFF000000, 0xFF000000, 0xFF000000, 0xFF000000,
    0x00000000, 0x00000000, 0x00000000, 0x00000000, 0x00000000, 0x00000000, 0x00090909, 0x00111111, 0x00111111, 0x00111111, 0x00111111, 0x00111111,
    0x00111111, 0x001B5507, 0x00228800, 0x00228800, 0x00228800, 0x00228800, 0x00228800, 0x00228800, 0x00228800, 0x00228800, 0x00228800, 0x00228800,
    0x00228800, 0x00228800, 0x00228800, 0x00228800, 0x00228800, 0x00228800, 0x00228800, 0x00228800, 0x00228800, 0x0096ED91, 0x00228800, 0x00155500,
    0x0094E691, 0x00155500, 0x00228800, 0x0096ED91, 0x00228800, 0x00228800, 0x00228800, 0x00228800, 0x00228800, 0x00228800, 0x00228800, 0x00228800,
    0x00228800, 0x00228800, 0x00228800, 0x00228800, 0x00228800, 0x00228800, 0x00228800, 0x00228800, 0x00228800, 0x00228800, 0x00228800, 0x0014220F,
    0x00111111, 0x00111111, 0x00111111, 0x00111111, 0x00111111, 0x00111111, 0x00010101, 0x00000000, 0x00000000, 0x00000000, 0x00000000, 0x00000000,
    0x00000000, 0xFF000000, 0xFF000000, 0xFF000000, 0xFF000000, 0xFF000000, 0xFF000000, 0xFF000000, 0xFF000000, 0xFF000000, 0xFF000000, 0xFF000000,
    0xFF000000, 0xFF000000, 0xFF000000, 0xFF000000, 0xFF000000, 0xFF000000, 0xFF000000, 0xFF000000, 0xFF000000, 0xFF000000, 0xFF000000, 0xFF000000,
    0xFF000000, 0xFF000000, 0xFF000000, 0xFF000000, 0xFF000000, 0xFF000000, 0xFF000000, 0xFF000000, 0xFF000000, 0xFF000000, 0xFF000000, 0xFF000000,
    0xFF000000, 0xFF000000, 0xFF000000, 0xFF000000, 0xFF000000, 0xFF000000, 0xFF000000, 0xFF000000, 0xFF000000, 0xFF000000, 0xFF000000, 0xFF000000,
    0xFF000000, 0xFF000000, 0xFF000000, 0xFF000000, 0xFF000000, 0xFF000000, 0xFF000000, 0xFF000000, 0xFF000000, 0x00000000, 0x00000000, 0x00000000,
    0x00000000, 0x00000000, 0x00000000, 0x00000000, 0x00111111, 0x00111111, 0x00111111, 0x00111111, 0x00111111, 0x00111111, 0x00111111, 0x00111111,
    0x00228800, 0x00228800, 0x00228800, 0x00228800, 0x00228800, 0x00228800, 0x00228800, 0x00228800, 0x00228800, 0x00228800, 0x00228800, 0x00228800,
    0x00228800, 0x00228800, 0x00228800, 0x00228800, 0x00228800, 0x00228800, 0x00228800, 0x00228800, 0x00228800, 0x00228800, 0x00228800, 0x00228800,
    0x00228800, 0x00228800, 0x00228800, 0x00228800, 0x00228800, 0x00228800, 0x00228800, 0x00228800, 0x00228800, 0x00228800, 0x00228800, 0x00228800,
    0x00228800, 0x00228800, 0x00228800, 0x00228800, 0x00228800, 0x00111111, 0x00111111, 0x00111111, 0x00111111, 0x00111111, 0x00111111, 0x00111111,
    0x000A0A0A, 0x00000000, 0x00000000, 0x00000000, 0x00000000, 0x00000000, 0x00000000, 0x00000000, 0xFF000000, 0xFF000000, 0xFF000000, 0xFF000000,
    0xFF000000, 0xFF000000, 0xFF000000, 0xFF000000, 0xFF000000, 0xFF000000, 0xFF000000, 0xFF000000, 0xFF000000, 0xFF000000, 0xFF000000, 0xFF000000,
    0xFF000000, 0xFF000000, 0xFF000000, 0xFF000000, 0xFF000000, 0xFF000000, 0xFF000000, 0xFF000000, 0xFF000000, 0xFF000000, 0xFF000000, 0xFF000000,
    0xFF000000, 0xFF000000, 0xFF000000, 0xFF000000, 0xFF000000, 0xFF000000, 0xFF000000, 0xFF000000, 0xFF000000, 0xFF000000, 0xFF000000, 0xFF000000,
    0xFF000000, 0xFF000000, 0xFF000000, 0xFF000000, 0xFF000000, 0xFF000000, 0xFF000000, 0xFF000000, 0xFF000000, 0xFF000000, 0xFF000000, 0xFF000000,
    0xFF000000, 0xFF000000, 0xFF000000, 0xFF000000, 0xFF000000, 0xFF000000, 0xFF000000, 0x00000000, 0x00000000, 0x00000000, 0x00000000, 0x00000000,
    0x00000000, 0x00000000, 0x00111111, 0x00111111, 0x00111111, 0x00111111, 0x00111111, 0x00111111, 0x00111111, 0x00111111, 0x00183F0B, 0x00228800,
    0x00228800, 0x00228800, 0x00228800, 0x00228800, 0x00228800, 0x00228800, 0x00228800, 0x00228800, 0x00228800, 0x00228800, 0x00228800, 0x00228800,
    0x00228800, 0x00228800, 0x00228800, 0x00228800, 0x00228800, 0x00228800, 0x00228800, 0x00228800, 0x00228800, 0x00228800, 0x00228800, 0x00228800,
    0x00228800, 0x00228800, 0x00228800, 0x00228800, 0x00228800, 0x00228800, 0x00228800, 0x00228800, 0x00228800, 0x00228800, 0x00121810, 0x00111111,
    0x00111111, 0x00111111, 0x00111111, 0x00111111, 0x00111111, 0x00111111, 0x000C0C0C, 0x00000000, 0x00000000, 0x00000000, 0x00000000, 0x00000000,
    0x00000000, 0x00000000, 0xFF000000, 0xFF000000, 0xFF000000, 0xFF000000, 0xFF000000, 0xFF000000, 0xFF000000, 0xFF000000, 0xFF000000, 0xFF000000,
    0xFF000000, 0xFF000000, 0xFF000000, 0xFF000000, 0xFF000000, 0xFF000000, 0xFF000000, 0xFF000000, 0xFF000000, 0xFF000000, 0xFF000000, 0xFF000000,
    0xFF000000, 0xFF000000, 0xFF000000, 0xFF000000, 0xFF000000, 0xFF000000, 0xFF000000, 0xFF000000, 0xFF000000, 0xFF000000, 0xFF000000, 0xFF000000,
    0xFF000000, 0xFF000000, 0xFF000000, 0xFF000000, 0xFF000000, 0xFF000000, 0xFF000000, 0xFF000000, 0xFF000000, 0xFF000000, 0xFF000000, 0xFF000000,
    0xFF000000, 0xFF000000, 0xFF000000, 0xFF000000, 0xFF000000, 0xFF000000, 0xFF000000, 0xFF000000, 0xFF000000, 0xFF000000, 0xFF000000, 0xFF000000,
    0xFF000000, 0xFF000000, 0xFF000000, 0xFF000000, 0xFF000000, 0x00000000, 0x00000000, 0x00000000, 0x00000000, 0x00000000, 0x00000000, 0x00000000,
    0x000E0E0E, 0x00111111, 0x00111111, 0x00111111, 0x00111111, 0x00111111, 0x00111111, 0x00111111, 0x00111111, 0x00111311, 0x00228800, 0x00228800,
    0x00228800, 0x00228800, 0x00228800, 0x00228800, 0x00228800, 0x00228800, 0x00228800, 0x00228800, 0x00228800, 0x00228800, 0x00228800, 0x00228800,
    0x00228800, 0x00228800, 0x00228800, 0x00228800, 0x00228800, 0x00228800, 0x00228800, 0x00228800, 0x00228800, 0x00228800, 0x00228800, 0x00228800,
    0x00228800, 0x00228800, 0x00228600, 0x00111111, 0x00111111, 0x00111111, 0x00111111, 0x00111111, 0x00111111, 0x00111111, 0x00111111, 0x00111111,
    0x00070707, 0x00000000, 0x00000000, 0x00000000, 0x00000000, 0x00000000, 0x00000000, 0x00000000, 0xFF000000, 0xFF000000, 0xFF000000, 0xFF000000,
    0xFF000000, 0xFF000000, 0xFF000000, 0xFF000000, 0xFF000000, 0xFF000000, 0xFF000000, 0xFF000000, 0xFF000000, 0xFF000000, 0xFF000000, 0xFF000000,
    0xFF000000, 0xFF000000, 0xFF000000, 0xFF000000, 0xFF000000, 0xFF000000, 0xFF000000, 0xFF000000, 0xFF000000, 0xFF000000, 0xFF000000, 0xFF000000,
    0xFF000000, 0xFF000000, 0xFF000000, 0xFF000000, 0xFF000000, 0xFF000000, 0xFF000000, 0xFF000000, 0xFF000000, 0xFF000000, 0xFF000000, 0xFF000000,
    0xFF000000, 0xFF000000, 0xFF000000, 0xFF000000, 0xFF000000, 0xFF000000, 0xFF000000, 0xFF000000, 0xFF000000, 0xFF000000, 0xFF000000, 0xFF000000,
    0xFF000000, 0xFF000000, 0xFF000000, 0xFF000000, 0xFF000000, 0xFF000000, 0xFF000000, 0xFF000000, 0xFF000000, 0xFF000000, 0xFF000000, 0xFF000000,
    0xFF000000, 0xFF000000, 0x00000000, 0x00000000, 0x00000000, 0x00000000, 0x00000000, 0x00000000, 0x00000000, 0x00000000, 0x00020202, 0x00111111,
    0x00111111, 0x00111111, 0x00111111, 0x00111111, 0x00111111, 0x00111111, 0x00111111, 0x00111111, 0x00111111, 0x00111111, 0x001B5B06, 0x00228800,
    0x00228800, 0x00228800, 0x00228800, 0x00228800, 0x00228800, 0x00228800, 0x00228800, 0x00228800, 0x00228800, 0x00228800, 0x00228800, 0x00228800,
    0x00228800, 0x00228800, 0x00228800, 0x00228800, 0x00228800, 0x00228800, 0x0019460A, 0x00111111, 0x00111111, 0x00111111, 0x00111111, 0x00111111,
    0x00111111, 0x00111111, 0x00111111, 0x00111111, 0x00111111, 0x00111111, 0x00000000, 0x00000000, 0x00000000, 0x00000000, 0x00000000, 0x00000000,
    0x00000000, 0x00000000, 0x00000000, 0xFF000000, 0xFF000000, 0xFF000000, 0xFF000000, 0xFF000000, 0xFF000000, 0xFF000000, 0xFF000000, 0xFF000000,
    0xFF000000, 0xFF000000, 0xFF000000, 0xFF000000, 0xFF000000, 0xFF000000, 0xFF000000, 0xFF000000, 0xFF000000, 0xFF000000, 0xFF000000, 0xFF000000,
    0xFF000000, 0xFF000000, 0xFF000000, 0xFF000000, 0xFF000000, 0xFF000000, 0xFF000000, 0xFF000000, 0xFF000000, 0xFF000000, 0xFF000000, 0xFF000000,
    0xFF000000, 0xFF000000, 0xFF000000, 0xFF000000, 0xFF000000, 0xFF000000, 0xFF000000, 0xFF000000, 0xFF000000, 0xFF000000, 0xFF000000, 0xFF000000,
    0xFF000000, 0xFF000000, 0xFF000000, 0xFF000000, 0xFF000000, 0xFF000000, 0xFF000000, 0xFF000000, 0xFF000000, 0xFF000000, 0xFF000000, 0xFF000000,
    0xFF000000, 0xFF000000, 0xFF000000, 0xFF000000, 0xFF000000, 0xFF000000, 0xFF000000, 0xFF000000, 0xFF000000, 0xFF000000, 0xFF000000, 0xFF000000,
    0x00000000, 0x00000000, 0x00000000, 0x00000000, 0x00000000, 0x00000000, 0x00000000, 0x00000000, 0x00000000, 0x000A0A0A, 0x00111111, 0x00111111,
    0x00111111, 0x00111111, 0x00111111, 0x00111111, 0x00111111, 0x00111111, 0x00111111, 0x00111111, 0x00111111, 0x00111111, 0x00111111, 0x00111111,
    0x00111111, 0x00111111, 0x00111111, 0x00111111, 0x00111111, 0x00111111, 0x00111111, 0x00111111, 0x00111111, 0x00111111, 0x00111111, 0x00111111,
    0x00111111, 0x00111111, 0x00111111, 0x00111111, 0x00111111, 0x00111111, 0x00111111, 0x00111111, 0x00111111, 0x00111111, 0x00111111, 0x00040404,
    0x00000000, 0x00000000, 0x00000000, 0x00000000, 0x00000000, 0x00000000, 0x00000000, 0x00000000, 0x00000000, 0xFF000000, 0xFF000000, 0xFF000000,
    0xFF000000, 0xFF000000, 0xFF000000, 0xFF000000, 0xFF000000, 0xFF000000, 0xFF000000, 0xFF000000, 0xFF000000, 0xFF000000, 0xFF000000, 0xFF000000,
    0xFF000000, 0xFF000000, 0xFF000000, 0xFF000000, 0xFF000000, 0xFF000000, 0xFF000000, 0xFF000000, 0xFF000000, 0xFF000000, 0xFF000000, 0xFF000000,
    0xFF000000, 0xFF000000, 0xFF000000, 0xFF000000, 0xFF000000, 0xFF000000, 0xFF000000, 0xFF000000, 0xFF000000, 0xFF000000, 0xFF000000, 0xFF000000,
    0xFF000000, 0xFF000000, 0xFF000000, 0xFF000000, 0xFF000000, 0xFF000000, 0xFF000000, 0xFF000000, 0xFF000000, 0xFF000000, 0xFF000000, 0xFF000000,
    0xFF000000, 0xFF000000, 0xFF000000, 0xFF000000, 0xFF000000, 0xFF000000, 0xFF000000, 0xFF000000, 0xFF000000, 0xFF000000, 0xFF000000, 0xFF000000,
    0xFF000000, 0xFF000000, 0xFF000000, 0xFF000000, 0xFF000000, 0xFF000000, 0xFF000000, 0xFF000000, 0xFF000000, 0xFF000000, 0x00000000, 0x00000000,
    0x00000000, 0x00000000, 0x00000000, 0x00000000, 0x00000000, 0x00000000, 0x00000000, 0x00000000, 0x00020202, 0x00111111, 0x00111111, 0x00111111,
    0x00111111, 0x00111111, 0x00111111, 0x00111111, 0x00111111, 0x00111111, 0x00111111, 0x00111111, 0x00111111, 0x00111111, 0x00111111, 0x00111111,
    0x00111111, 0x00111111, 0x00111111, 0x00111111, 0x00111111, 0x00111111, 0x00111111, 0x00111111, 0x00111111, 0x00111111, 0x00111111, 0x00111111,
    0x00111111, 0x00111111, 0x00111111, 0x00111111, 0x00000000, 0x00000000, 0x00000000, 0x00000000, 0x00000000, 0x00000000, 0x00000000, 0x00000000,
    0x00000000, 0x00000000, 0x00000000, 0xFF000000, 0xFF000000, 0xFF000000, 0xFF000000, 0xFF000000, 0xFF000000, 0xFF000000, 0xFF000000, 0xFF000000,
    0xFF000000, 0xFF000000, 0xFF000000, 0xFF000000, 0xFF000000, 0xFF000000, 0xFF000000, 0xFF000000, 0xFF000000, 0xFF000000, 0xFF000000, 0xFF000000,
    0xFF000000, 0xFF000000, 0xFF000000, 0xFF000000, 0xFF000000, 0xFF000000, 0xFF000000, 0xFF000000, 0xFF000000, 0xFF000000, 0xFF000000, 0xFF000000,
    0xFF000000, 0xFF000000, 0xFF000000, 0xFF000000, 0xFF000000, 0xFF000000, 0xFF000000, 0xFF000000, 0xFF000000, 0xFF000000, 0xFF000000, 0xFF000000,
    0xFF000000, 0xFF000000, 0xFF000000, 0xFF000000, 0xFF000000, 0xFF000000, 0xFF000000, 0xFF000000, 0xFF000000, 0xFF000000, 0xFF000000, 0xFF000000,
    0xFF000000, 0xFF000000, 0xFF000000, 0xFF000000, 0xFF000000, 0xFF000000, 0xFF000000, 0xFF000000, 0xFF000000, 0xFF000000, 0xFF000000, 0xFF000000,
    0xFF000000, 0xFF000000, 0xFF000000, 0xFF000000, 0xFF000000, 0xFF000000, 0xFF000000, 0xFF000000, 0xFF000000, 0x00000000, 0x00000000, 0x00000000,
    0x00000000, 0x00000000, 0x00000000, 0x00000000, 0x00000000, 0x00000000, 0x00000000, 0x00000000, 0x00000000, 0x00101010, 0x00111111, 0x00111111,
    0x00111111, 0x00111111, 0x00111111, 0x00111111, 0x00111111, 0x00111111, 0x00111111, 0x00111111, 0x00111111, 0x00111111, 0x00111111, 0x00111111,
    0x00111111, 0x00111111, 0x00111111, 0x00111111, 0x00111111, 0x00111111, 0x00111111, 0x000E0E0E, 0x00000000, 0x00000000, 0x00000000, 0x00000000,
    0x00000000, 0x00000000, 0x00000000, 0x00000000, 0x00000000, 0x00000000, 0x00000000, 0x00000000, 0xFF000000, 0xFF000000, 0xFF000000, 0xFF000000,
    0xFF000000, 0xFF000000, 0xFF000000, 0xFF000000, 0xFF000000, 0xFF000000, 0xFF000000, 0xFF000000, 0xFF000000, 0xFF000000, 0xFF000000, 0xFF000000,
    0xFF000000, 0xFF000000, 0xFF000000, 0xFF000000, 0xFF000000, 0xFF000000, 0xFF000000, 0xFF000000, 0xFF000000, 0xFF000000, 0xFF000000, 0xFF000000,
    0xFF000000, 0xFF000000, 0xFF000000, 0xFF000000, 0xFF000000, 0xFF000000, 0xFF000000, 0xFF000000, 0xFF000000, 0xFF000000, 0xFF000000, 0xFF000000,
    0xFF000000, 0xFF000000, 0xFF000000, 0xFF000000, 0xFF000000, 0xFF000000, 0xFF000000, 0xFF000000, 0xFF000000, 0xFF000000, 0xFF000000, 0xFF000000,
    0xFF000000, 0xFF000000, 0xFF000000, 0xFF000000, 0xFF000000, 0xFF000000, 0xFF000000, 0xFF000000, 0xFF000000, 0xFF000000, 0xFF000000, 0xFF000000,
    0xFF000000, 0xFF000000, 0xFF000000, 0xFF000000, 0xFF000000, 0xFF000000, 0xFF000000, 0xFF000000, 0xFF000000, 0xFF000000, 0xFF000000, 0xFF000000,
    0xFF000000, 0xFF000000, 0xFF000000, 0xFF000000, 0xFF000000, 0xFF000000, 0xFF000000, 0x00000000, 0x00000000, 0x00000000, 0x00000000, 0x00000000,
    0x00000000, 0x00000000, 0x00000000, 0x00000000, 0x00000000, 0x00000000, 0x00000000, 0x00000000, 0x00000000, 0x00000000, 0x00000000, 0x00000000,
    0x00060606, 0x000B0B0B, 0x000E0E0E, 0x00101010, 0x00111111, 0x00101010, 0x000E0E0E, 0x000A0A0A, 0x00050505, 0x00000000, 0x00000000, 0x00000000,
    0x00000000, 0x00000000, 0x00000000, 0x00000000, 0x00000000, 0x00000000, 0x00000000, 0x00000000, 0x00000000, 0x00000000, 0x00000000, 0x00000000,
    0x00000000, 0x00000000, 0xFF000000, 0xFF000000, 0xFF000000, 0xFF000000, 0xFF000000, 0xFF000000, 0xFF000000, 0xFF000000, 0xFF000000, 0xFF000000,
    0xFF000000, 0xFF000000, 0xFF000000, 0xFF000000, 0xFF000000, 0xFF000000, 0xFF000000, 0xFF000000, 0xFF000000, 0xFF000000, 0xFF000000, 0xFF000000,
    0xFF000000, 0xFF000000, 0xFF000000, 0xFF000000, 0xFF000000, 0xFF000000, 0xFF000000, 0xFF000000, 0xFF000000, 0xFF000000, 0xFF000000, 0xFF000000,
    0xFF000000, 0xFF000000, 0xFF000000, 0xFF000000, 0xFF000000, 0xFF000000, 0xFF000000, 0xFF000000, 0xFF000000, 0xFF000000, 0xFF000000, 0xFF000000,
    0xFF000000, 0xFF000000, 0xFF000000, 0xFF000000, 0xFF000000, 0xFF000000, 0xFF000000, 0xFF000000, 0xFF000000, 0xFF000000, 0xFF000000, 0xFF000000,
    0xFF000000, 0xFF000000, 0xFF000000, 0xFF000000, 0xFF000000, 0xFF000000, 0xFF000000, 0xFF000000, 0xFF000000, 0xFF000000, 0xFF000000, 0xFF000000,
    0xFF000000, 0xFF000000, 0xFF000000, 0xFF000000, 0xFF000000, 0xFF000000, 0xFF000000, 0xFF000000, 0xFF000000, 0xFF000000, 0xFF000000, 0xFF000000,
    0xFF000000, 0xFF000000, 0xFF000000, 0xFF000000, 0xFF000000, 0xFF000000, 0x00000000, 0x00000000, 0x00000000, 0x00000000, 0x00000000, 0x00000000,
    0x00000000, 0x00000000, 0x00000000, 0x00000000, 0x00000000, 0x00000000, 0x00000000, 0x00000000, 0x00000000, 0x00000000, 0x00000000, 0x00000000,
    0x00000000, 0x00000000, 0x00000000, 0x00000000, 0x00000000, 0x00000000, 0x00000000, 0x00000000, 0x00000000, 0x00000000, 0x00000000, 0x00000000,
    0x00000000, 0x00000000, 0x00000000, 0x00000000, 0x00000000, 0x00000000, 0x00000000, 0xFF000000, 0xFF000000, 0xFF000000, 0xFF000000, 0xFF000000,
    0xFF000000, 0xFF000000, 0xFF000000, 0xFF000000, 0xFF000000, 0xFF000000, 0xFF000000, 0xFF000000, 0xFF000000, 0xFF000000, 0xFF000000, 0xFF000000,
    0xFF000000, 0xFF000000, 0xFF000000, 0xFF000000, 0xFF000000, 0xFF000000, 0xFF000000, 0xFF000000, 0xFF000000, 0xFF000000, 0xFF000000, 0xFF000000,
    0xFF000000, 0xFF000000, 0xFF000000, 0xFF000000, 0xFF000000, 0xFF000000, 0xFF000000, 0xFF000000, 0xFF000000, 0xFF000000, 0xFF000000, 0xFF000000,
    0xFF000000, 0xFF000000, 0xFF000000, 0xFF000000, 0xFF000000, 0xFF000000, 0xFF000000, 0xFF000000, 0xFF000000, 0xFF000000, 0xFF000000, 0xFF000000,
    0xFF000000, 0xFF000000, 0xFF000000, 0xFF000000, 0xFF000000, 0xFF000000, 0xFF000000, 0xFF000000, 0xFF000000, 0xFF000000, 0xFF000000, 0xFF000000,
    0xFF000000, 0xFF000000, 0xFF000000, 0xFF000000, 0xFF000000, 0xFF000000, 0xFF000000, 0xFF000000, 0xFF000000, 0xFF000000, 0xFF000000, 0xFF000000,
    0xFF000000, 0xFF000000, 0xFF000000, 0xFF000000, 0xFF000000, 0xFF000000, 0xFF000000, 0xFF000000, 0xFF000000, 0xFF000000, 0xFF000000, 0xFF000000,
    0xFF000000, 0xFF000000, 0xFF000000, 0xFF000000, 0xFF000000, 0xFF000000, 0x00000000, 0x00000000, 0x00000000, 0x00000000, 0x00000000, 0x00000000,
    0x00000000, 0x00000000, 0x00000000, 0x00000000, 0x00000000, 0x00000000, 0x00000000, 0x00000000, 0x00000000, 0x00000000, 0x00000000, 0x00000000,
    0x00000000, 0x00000000, 0x00000000, 0x00000000, 0x00000000, 0x00000000, 0x00000000, 0x00000000, 0x00000000, 0x00000000, 0x00000000, 0xFF000000,
    0xFF000000, 0xFF000000, 0xFF000000, 0xFF000000, 0xFF000000, 0xFF000000, 0xFF000000, 0xFF000000, 0xFF000000, 0xFF000000, 0xFF000000, 0xFF000000,
    0xFF000000, 0xFF000000, 0xFF000000, 0xFF000000, 0xFF000000, 0xFF000000, 0xFF000000, 0xFF000000, 0xFF000000, 0xFF000000, 0xFF000000, 0xFF000000,
    0xFF000000, 0xFF000000, 0xFF000000, 0xFF000000, 0xFF000000, 0xFF000000, 0xFF000000, 0xFF000000, 0xFF000000, 0xFF000000, 0xFF000000, 0xFF000000,
    0xFF000000, 0xFF000000, 0xFF000000, 0xFF000000, 0xFF000000, 0xFF000000, 0xFF000000, 0xFF000000, 0xFF000000, 0xFF000000, 0xFF000000, 0xFF000000,
    0xFF000000, 0xFF000000, 0xFF000000, 0xFF000000, 0xFF000000, 0xFF000000, 0xFF000000, 0xFF000000, 0xFF000000, 0xFF000000, 0xFF000000, 0xFF000000,
    0xFF000000, 0xFF000000, 0xFF000000, 0xFF000000, 0xFF000000, 0xFF000000, 0xFF000000, 0xFF000000, 0xFF000000, 0xFF000000, 0xFF000000, 0xFF000000,
    0xFF000000, 0xFF000000, 0xFF000000, 0xFF000000, 0xFF000000, 0xFF000000, 0xFF000000, 0xFF000000, 0xFF000000, 0xFF000000, 0xFF000000, 0xFF000000,
    0xFF000000, 0xFF000000, 0xFF000000, 0xFF000000, 0xFF000000, 0xFF000000, 0xFF000000, 0xFF000000, 0xFF000000, 0xFF000000, 0xFF000000, 0xFF000000,
    0xFF000000, 0xFF000000, 0xFF000000, 0xFF000000, 0xFF000000, 0xFF000000, 0xFF000000, 0x00000000, 0x00000000, 0x00000000, 0x00000000, 0x00000000,
    0x00000000, 0x00000000, 0x00000000, 0x00000000, 0x00000000, 0x00000000, 0x00000000, 0x00000000, 0x00000000, 0x00000000, 0x00000000, 0x00000000,
    0x00000000, 0x00000000, 0xFF000000, 0xFF000000, 0xFF000000, 0xFF000000, 0xFF000000, 0xFF000000, 0xFF000000, 0xFF000000, 0xFF000000, 0xFF000000,
    0xFF000000, 0xFF000000, 0xFF000000, 0xFF000000, 0xFF000000, 0xFF000000, 0xFF000000, 0xFF000000, 0xFF000000, 0xFF000000, 0xFF000000, 0xFF000000,
    0xFF000000, 0xFF000000, 0xFF000000, 0xFF000000, 0xFF000000, 0xFF000000, 0xFF000000, 0xFF000000, 0xFF000000, 0xFF000000, 0xFF000000, 0xFF000000,
    0xFF000000, 0xFF000000, 0xFF000000, 0xFF000000, 0xFF000000, 0xFF000000, 0xFF000000, 0xFF000000, 0xFF000000, 0xFF000000, 0xFF000000, 0xFF000000,
    0xFF000000, 0xFF000000, 0xFF000000, 0xFF000000, 0xFF000000, 0xFF000000, 0xFF000000, 0xFF000000, 0xFF000000, 0xFF000000, 0xFF000000, 0xFF000000,
    0xFF000000, 0xFF000000, 0xFF000000, 0xFF000000, 0xFF000000, 0xFF000000, 0xFF000000, 0xFF000000, 0xFF000000, 0xFF000000, 0xFF000000, 0xFF000000,
    0xFF000000, 0xFF000000, 0xFF000000, 0xFF000000, 0xFF000000, 0xFF000000, 0xFF000000, 0xFF000000, 0xFF000000, 0xFF000000, 0xFF000000, 0xFF000000,
    0xFF000000, 0xFF000000, 0xFF000000, 0xFF000000, 0xFF000000, 0xFF000000, 0xFF000000, 0xFF000000, 0xFF000000, 0xFF000000, 0xFF000000, 0xFF000000,
    0xFF000000, 0xFF000000, 0xFF000000, 0xFF000000, 0xFF000000, 0xFF000000, 0xFF000000, 0xFF000000, 0xFF000000, 0xFF000000, 0xFF000000, 0xFF000000,
    0xFF000000, 0xFF000000, 0xFF000000, 0xFF000000, 0xFF000000, 0xFF000000, 0xFF000000, 0xFF000000, 0xFF000000, 0xFF000000, 0xFF000000, 0xFF000000,
    0xFF000000, 0xFF000000, 0xFF000000, 0xFF000000, 0xFF000000, 0xFF000000, 0xFF000000, 0xFF000000, 0xFF000000, 0xFF000000, 0xFF000000, 0xFF000000,
    0xFF000000, 0xFF000000, 0xFF000000, 0xFF000000, 0xFF000000, 0xFF000000, 0xFF000000, 0xFF000000, 0xFF000000, 0xFF000000, 0xFF000000, 0xFF000000,
    0xFF000000, 0xFF000000, 0xFF000000, 0xFF000000, 0xFF000000, 0xFF000000, 0xFF000000, 0xFF000000, 0xFF000000, 0xFF000000, 0xFF000000, 0xFF000000,
    0xFF000000, 0xFF000000, 0xFF000000, 0xFF000000, 0xFF000000, 0xFF000000, 0xFF000000, 0xFF000000, 0xFF000000, 0xFF000000, 0xFF000000, 0xFF000000,
    0xFF000000, 0xFF000000, 0xFF000000, 0xFF000000, 0xFF000000, 0xFF000000, 0xFF000000, 0xFF000000, 0xFF000000, 0xFF000000, 0xFF000000, 0xFF000000,
    0xFF000000, 0xFF000000, 0xFF000000, 0xFF000000,
};

#endif /* KERNEL_LOGO_EMBLEM_H */
